1430484167000,東京大学工学部金曜6限の授業内容です。ご確認ください。
1430483930000,この講義、自分のインナー小学生が大暴れしてるからツイハードルがガバガバなんだよな許して
1430482027000,東京大学工学部金曜6限の授業内容です。ご確認ください。
1430481275000,講義の内容自体はでほぼ追えるけどPVとかあったし面白かったよー
1430481121000,東京大学工学部金曜6限の授業内容です。ご確認ください。
1430481087000,東京大学工学部金曜6限の授業内容です。ご確認ください。
1430480057000,講師「iPhone持ってる人！」(生徒たくさん手を挙げる)講師「Android持ってる人！」(生徒たくさん手を挙げる)俺「」(おもむろにガラケーを取り出す)
1430480030000,東京大学工学部金曜6限の授業内容です。ご確認ください。
1430479816000,東京大学工学部金曜6限の授業内容です。ご確認ください。
1430479716000,でキングダムハーツの話出たの！？
1430479642000,誰だよその場でWikiを編集したのww
1430479353000,誰だよその場でWikiを編集したのww
1430479307000,技術的な質問確かにないなと納得しかけたけどプロデューサーに対する質問としては失礼なのを除けばそんなに間違ってるのなかったと感じた
1430479143000,誰だよその場でWikiを編集したのww
1430479011000,4k対応でもアニメーションの制作現場が悲鳴を上げてるって言うし、ゲーム制作でも高解像度はつらいんでしょうね#エア
1430478942000,誰だよその場でWikiを編集したのww
1430478919000,FFの動画観てぼーっとしてたら終わった
1430478884000,楽しかったが、内容があるかと言われたら無かった
1430478848000,誰だよその場でWikiを編集したのww
1430478750000,誰だよその場でWikiを編集したのww
1430478716000,なんやかんや楽しかった
1430478714000,先週のレポートは、学部生は向かって左の黄色い鳩サブレの箱、院生は右の透明の箱に提出して下さい。
1430478690000,お疲れ様でした
1430478686000,感想どうすれば良いんだ...
1430478683000,めちゃ必死で書こうとしてた
1430478676000,KOGINOOWARI
1430478675000,お疲れ様でした
1430478675000,トレンド入り
1430478673000,これ次回提出なのか
1430478666000,おわり
1430478665000,ありがとうございました
1430478661000,最後の人しか名乗ってないのか…
1430478660000,今日は質問が回りくどいというか語りが多い印象
1430478650000,ぱちぱちぱちぱちぱちぱちぱち👏👏👏👏👏👏👏
1430478649000,今日はいいメディコンだった
1430478642000,A16.3年前ほどそういうアイテム課金がやり過ぎで「ゲームの切り売りだ」と批判がされることがありました。ちゃんと単体でゲームを満足させて、「もっとやりたい」と思う人に売れるようなダウンロードコンテンツにしていきたい思います。
1430478640000,「世界の中でGTA５のようなゲームは日本では技術がなくてもう作れないっという言説がありますが、実情ではどうですか」みたいなこと聞きたい
1430478627000,とりあえず4を借りる予定です
1430478627000,聞いてみたい
1430478623000,DLCが切り売りかそうでないかのバランス
1430478609000,デデデ氏初めて知った
1430478606000,完全版商法
1430478602000,【質問】僕は実はFFをやったことがありません。どのタイトルをやってみたらいいでしょうか。
1430478596000,批判やめろ〜
1430478593000,Q16.ダウンロードコンテンツの話が先ほどありました。ユーザー側の気持ちとすれ違いがあるのではないか。すなわち製作者側としてはダウンロードコンテンツをドンドン出していくが、ユーザーからすれば「クソ、完全版をだせ」となるでしょう。どうするの？
1430478593000,有終の美でデデデ氏
1430478584000,デデデ特定祭りだぞ！！！！！！
1430478584000,デキるeeicの学生は名乗る
1430478582000,デデデだ！
1430478581000,デデデ？
1430478578000,デデデ
1430478576000,ファイナルクエスチョンとファイナルアンサーをどうぞ
1430478572000,司会ぉこ
1430478569000,dededededededededede
1430478568000,ファイナルデデデ
1430478568000,は？ファイナル？
1430478568000,名乗っていくデデデ
1430478565000,ktrgw先生「ファイナルです」
1430478565000,あんまり技術的な説明がなかったからなぁ．
1430478563000,名乗るの偉い
1430478563000,ファイナルデデデ
1430478558000,この人ファミコン名人だったのか
1430478558000,橋本名人
1430478556000,ファイナルです
1430478555000,デデデデデデデデデデデデ
1430478554000,ファイナルクエスチョン
1430478552000,偉い
1430478550000,「一番高く手を上げた人」
1430478548000,ファイナルですｗｗｗｗｗｗｗｗｗｗ
1430478544000,(Youtuberとして)何年も前に、ゲームが得意というキャラクターが売りになる「名人」というコンテンツはどのように発想されたのか。
1430478541000,これが最後です
1430478538000,ラストの質問
1430478527000,名人って商売復活してほしい
1430478522000,A15.当時、ゲームに限らずエンタメが好きだった。楽しかった。そこでデバッグを何時間もやっていると得意になってしまうし、ゲームの良さもわかってくる。その特徴を活かしてやっていたらいつのまにか名人というポジションになっていた。
1430478519000,ゲームのデバッガーはつらい
1430478508000,ブレイブリーデフォルトやりましょ
1430478494000,TLを沸かせるような質問しような！（僕にはできないのでおねがいします）
1430478494000,デバッガー
1430478478000,目の前に高橋名人がいたらビックリだよ
1430478477000,なんか今日のは質問がひどい
1430478476000,名前を間違えない×（ぜんぜん違うじゃんｗ）
1430478462000,やったことのないゲーム、詠んだことのない本、観たことのない映画を埋めるためだけに使える時間がほしい半年くらい
1430478459000,Q15.バンダイ時代のことを。なぜ橋本名人としてやっていたのか。ゲームが得意だったから？
1430478459000,ちょっと人間違えないでよｗ
1430478454000,そろそろまともな質問が聞きてぇな
1430478447000,高橋名人さん、橋本名人さん
1430478444000,高橋名人さん…
1430478442000,？？
1430478442000,プレゼンで技術的な話が多ければそういう質問もあったんだろうけど
1430478441000,そこの黒い人いっぱいいるだろ
1430478440000,パ長part2
1430478430000,正直いまの質問めちゃめちゃ緊張した
1430478430000,クレーム以外w
1430478427000,「コンテンツに対するクレーム以外の質問をお願いします」
1430478422000,「コンテンツに対するクレーム以外の質問」
1430478420000,コンテンツへのクレーム以外を質問してください
1430478419000,コンテンツのクレーム以外の質問をお願いします．
1430478417000,コンテンツの批判以外でお願いします。
1430478416000,コンテンツに対するクレーム以外の質問
1430478416000,諦めてはいないけどクリエイターが追いついていない
1430478415000,”””コンテンツに対するクレーム以外の質問を””””
1430478413000,コンテンツに対するクレーム以外
1430478411000,A14.現在のゲームは、大量の人間を使う。したがって、同時に何本もゲームを作ることができない。だからすばせかをあきらめているのではなく、いま別の方で頑張っているのです。
1430478411000,世で言うところの名作ゲームというのはやってみたい
1430478409000,ゲーム１本に会社のほとんどの人員が取り組む必要がある現代において複数タイトルの続編を同時に開発するのは困難
1430478404000,すばせかは好きだよ
1430478383000,数人でゲームを作ろうな
1430478368000,Q14（つづき）.新しいエンジンを使いこなすのにランニングコストがかかるとおっしゃっていましたが、グラフィックの研究もスクエニはやっていると思います。このような強いゲームは、スクエニさんのような大手のところからしか出ないのでしょうか。
1430478362000,アイデアの詰まったゲームはスクエニからこれから出ないのか？
1430478361000,質問とは何なのか
1430478360000,どういうことなんだ
1430478358000,小さい頃にディスクチェンジを父親にさせられて"やばい"ゲームだと思ったためにFFはやっていない
1430478357000,続編リクは質問ではない！！！
1430478357000,ゲームオタクの悲痛な叫びばかり聞こえてくるな
1430478357000,アゾソンだと思った……
1430478351000,ブレイブリーデフォルト
1430478349000,ぅぇ氏なの？
1430478348000,ぅぇ氏か
1430478341000,僕の大好きなすばせか
1430478325000,「すばらしきこの世界の続編を出せ」
1430478321000,すばせかは神ゲーだった
1430478316000,すばせか続編出せ問題
1430478315000,オタクは自分語りをしがち
1430478314000,すばせか
1430478314000,アゾソン
1430478313000,お、すばせかの話来たな
1430478308000,お、すばせかファンーーーーー
1430478307000,Q14.FFのディスクチェンジをする姿をみて「これはやばいな」と思ってやっていません。ところで「すばせか」が好きです。なんで続編が出ないんですか。
1430478307000,すばらしききのこのせかい
1430478307000,アゾソンｗｗｗ
1430478300000,すばらしきデデデ
1430478296000,ディスクチェンジが”やばいな”と感じた
1430478291000,まともな質問してくれ（FF自体には興味ないんじゃ）
1430478289000,「僕はやってないです」
1430478288000,FFをやれ
1430478280000,””父がFF好き””
1430478269000,FF7のリメイクを出す時はFFが終わる時って昔アルティマニアで読んだな
1430478266000,質問はいつも一つ！
1430478261000,挙手の高さで決めるのか・・・
1430478257000,質問は1人ひとつ！
1430478255000,質問はひとりひとつ
1430478253000,「質問は一人一つ」
1430478252000,質問は一人一つ
1430478252000,ハードの進化によって開発が簡単になることはなくより困難になる
1430478251000,質問は一人一つ
1430478250000,質問はひとりひとつ。
1430478246000,楽しみにしてる人だった
1430478243000,A13.エンジンの技術が上がっていくと、開発者の方もかなり苦労するようになる。開発者もつらいんです。だからそこに時間がかかっているとも思います。
1430478242000,ゲームエンジンの性能が上がるとより良いクオリティで提供したくなる→難易度が高くなる
1430478233000,作ってるうちにハードの力が上がりすぎてコンテンツ制作が無限に追いかけることになる？
1430478211000,メディアコンテンツ特別ファンイベント
1430478211000,Q13.ヴェルサス（FF15）が遅れていたのは、技術的な問題ですか？
1430478203000,質問者24歳！？
1430478184000,versus=FF15
1430478179000,Q12（つづき）.本編が作れてないので、とりあえず本編から頑張っています。
1430478179000,パ長FF4貸してな
1430478177000,トレンド入り
1430478175000,質問者「皆さんいろいろFF13を悪く言っていますが，私はめっちゃ好きです！」講師「そうですよね～！言ってくださいよ～！！」
1430478174000,テンション高いなぁ
1430478174000,やっぱりこのテーマだとぶっ飛んだ質問者多いな
1430478170000,の実況すげえおもろい
1430478169000,さすがパ長
1430478168000,失礼なオタクが多いな
1430478167000,これが宗教戦争か
1430478166000,Q12.ハイエンドの作品を作るときに、今の時代ハイエンドだけでは売れないのですが、今15でどのような展開を考えてますか。
1430478164000,質問は回答者を持ちあげるほうがいいと思うよ
1430478164000,技術的な質問ないな
1430478158000,versusやagitoといった黒歴史
1430478157000,あげて落とす
1430478150000,ﾊﾅｶﾝｼｬの流れを打ち切って13ａｇｅてきた
1430478148000,FF13好きです、まだクリアしてないけど
1430478146000,上げて落とす
1430478143000,盛り上がる橋本さん
1430478142000,13大好きなんで！！！！！！
1430478136000,ヨイショきたな
1430478136000,戦争だ
1430478135000,宗教戦争だ
1430478135000,「13好きなんですよ」
1430478133000,そーうですよね
1430478125000,シリーズをこんなに出し続けているゲームタイトルは他にない。1-15全作品をプレイして欲しいからリメイクを作っている、いわば図書館のようなもの。
1430478125000,「え」じゃん
1430478123000,お疲れ様でしたwwww
1430478122000,お疲れ様でした
1430478121000,「お疲れ様でした」
1430478119000,古いのを新しい環境でできるっていうのは推奨すべきことだと思う
1430478117000,終わりか？！？
1430478117000,お疲れさまでした
1430478115000,要せ。
1430478113000,過去を作りながら未来を作っている
1430478111000,この授業受けてる限り毎週ladygoみかしー回聴けないんだよね
1430478107000,15シリーズ続いてるゲームって他に本当にないのだろうか
1430478107000,A11（つづき）.図書館みたいなものです。ライブラリを常に用意しておきたいなと思っているのです。過去を整理しながら未来を作っている、と思っていただければよいです。
1430478099000,トレンドだ
1430478089000,A11.過去の作品と未来の作品を常に両方やってます。おそらく世界的に見ても15本もやってるタイトルがない。昔の作品をやってほしいなって思うから過去のものを現代の環境に合うように、評価が低いのは悔しいですが、作りなおしています。
1430478086000,ポケモンみたいな完全リメイクして欲しいんだよな..
1430478077000,なんやかんやリメイクは嬉しいよね
1430478076000,イショティを通して質問しよう（提案）
1430478069000,安値でアーカイブしてくれ……ファミコン画質でいいから……
1430478052000,昔の過去のレガシー
1430478049000,「FF7はリマスターよりリメイクしろ」(超意訳)
1430478040000,誰かいい質問をしてくれ
1430478039000,質問の場が，だんだん，過去の作品のdisになっているような気がするけど，気のせいかww
1430478033000,「過去のレガシー」クソ面白い
1430478028000,真面目に聞き、要点を拾ってあげようとする講演者偉い
1430478028000,質問の意味がわからない
1430478021000,要せ。
1430478021000,質問が下手
1430478016000,「過去のレガシー」（二重表現）
1430478016000,質問タイムというか意見表明タイムになってる(気持ちはわかるが)
1430478015000,Q11.HDリマスターがお世辞にもあまり評価が芳しくない。完成度が高いと言えない。過去の遺産に（作りなおすなどの）投資してもリターンが少ないんでしょうか。
1430478014000,「質問の意図がわかりかねますね（半ギレ）」
1430478014000,言葉の意味をなしてなさ
1430478012000,開発者に個人的なゲームレビューするのヤベえなあ
1430478010000,質問がまとまってないのに質問しちゃう人
1430478009000,すたーれちゃ様にいるの
1430478004000,Q11.HDリマスターがお世辞にもあまり評価が芳しくない。完成度が高いと言えない。過去の遺産に（作りなおすなどの）投資してもリターンが少ないんでしょうか。
1430478001000,クリティカルな意見とネガティヴな意見は違うぞ
1430477998000,オタクの得意な失礼な質問だ！
1430477997000,飲み屋で管を巻く人かな？
1430477995000,質問をまとめてから喋ろうな
1430477994000,開発者に個人的なゲームレビューするのヤベえなあ
1430477994000,今回みんなFF好きすぎてFFのファンイベントみたいになってる
1430477988000,おやおや
1430477984000,Disマン多すぎるｗ
1430477984000,「レガシー」再出
1430477978000,disの流れやめよう
1430477978000,自分の中でまとまってないのに質問する人たちな
1430477976000,焼き直し商法disだ
1430477968000,dis
1430477966000,渋い顔
1430477962000,””HDリマスターの評価が低い””
1430477941000,ファルスのパルシがコクーンでパージだっけ？
1430477940000,技術的な内容無いんだもん...
1430477935000,「技術的なリクエストを・・・」
1430477933000,FF買いたいけどハードも買わないとなんだよなあ…
1430477931000,「鳥山求められない」の話な
1430477926000,同じ一本道でも話ちゃんとすれば10みたいに高評価になるからなあ
1430477925000,A10.そういう世界の皆さんの声を糧に、我々も次に向かって頑張っていこうと思います。100%の満足をエられないのは残念ですが、そういったメッセージを受け止めて製作者ともども頑張っていきましょう。
1430477917000,FF13っていう一本道ゲーム…
1430477917000,おまえにシナリオ柿の何がわかるんや……正論だけどさ
1430477916000,なんだっけ、鳥山求さんだっけ
1430477911000,FF13のストーリー…パルスがファルシでルシがうんたらかんたら
1430477907000,まあ一本道だから…
1430477905000,単に脚本disじゃんｗ
1430477900000,流石にかわいそうww
1430477900000,「最近のFFはストーリーに感動が見られない」
1430477895000,13wwwww
1430477892000,好みじゃろw
1430477890000,FF13ストーリーdisだ
1430477888000,13dis
1430477887000,Q10.13をやってみて、グラフィックや音楽がいいなと思ったのですが、ストーリーがちょっとザコ。もうちょっと強化してよ。
1430477884000,デデデなにか反論は？
1430477884000,wwwwwwwwwwwwww
1430477882000,13disクソ笑う
1430477881000,FF好きってこの会場で声に出すの憚られるな
1430477880000,お、煽りか？
1430477880000,ストーリーに難癖をつけていくオタク
1430477877000,おっと13ディスかな？
1430477847000,講師の身内を呼び捨てか…すげえな
1430477845000,A9.ディレクターがゲームを作る方向性をあげます。このゲームの方向性に合うのは誰だろう、ということをディレクターやシナリオなど、現場メンバーで協議して決めています。
1430477838000,オタクの話じゃなくてグロースハックの話しようぜ
1430477837000,オタクを怒らせると怖い
1430477812000,Q9.FFの音楽がとても大好きです。作品が進むに連れて、植松伸夫ではない新しい先生になってきていますが、どういう視点をもって新しいメンバーにしているのか。
1430477804000,植松さんを呼び捨てにするな
1430477801000,くんたおおごって
1430477801000,メンバーを呼び捨てしていくオタク
1430477801000,StarWarsBattlefrontRevealTrailervia
1430477801000,呼び捨てやめろ
1430477799000,なにのストーリーをふられても返さなきゃいけないのが大変そう
1430477798000,知識をひけらかしていけ
1430477797000,バイオとかそれなりだし、実写でいいんじゃ
1430477793000,なんかオタクっぽい
1430477790000,劇場でプレイとかできたら面白そう。
1430477784000,バイオはそこそこ映画成功した方では
1430477780000,ゲームを映像化して成功した例を知りたい
1430477779000,まあでもこのグラフィック持ってゲームだけってのはもったいないとは思うよね
1430477774000,ゲームやりたみがクソ高まるな
1430477773000,A8（つづき）.スターウォーズの最新作などを見て頂いてもわかりますが、実写もCGもわからなくなってきているので、我々も研究を続けています。
1430477771000,例によってトレンド入り
1430477767000,FF7の外伝は基本全部面白いよなあ
1430477756000,ゲームを映像化して成功した例を知りたい
1430477751000,任意のストーリーを知っていれば行けそう
1430477749000,A8.なかなかゲームから映画産業が綺麗に成功したというものはない。劇場公開ができたというだけで良かった。世界の全体で公開する、というのはなかなか厳しいので、自分たちの得意なところでやってからにしようかなと思います。
1430477741000,FFをやろうと心に決めた(時間がない)
1430477735000,FF映画うっ
1430477733000,アドベントチルドレンは良かった
1430477728000,FF映画はスクエニの古傷がうずいてしまうからやめてあげて！
1430477721000,もう１回映画やったら倒産しそう
1430477715000,Q8.FFの映画の話がありました。僕はあまり詳しくなくそんなにゲームをすごくやりこんだというわけではないが、FFはすごくCGが綺麗だと思う。アニメーションとかは作らないんですか。
1430477701000,Q8.FFの映画の話がありました。僕はあまり詳しくなくそんなにゲームをすごくやりこんだというわけではないが、FFはすごくCGが綺麗だと思う。アニメーションとかは作らないんですか。
1430477699000,映画の話を蒸し返すオタクだ
1430477693000,Q「キングダムハーツ新作はやく出してください」A「ドキッWはーい作りまーすW」
1430477692000,？？「じゃぶじゃぶ課金したくなるような射幸心を煽る文章」
1430477686000,※#きゃりーぱみゅぱみゅが小学生#ジュニアアイドル（エロ）出身だったなんてショック。⇒#原宿系は演出？#ガルアワ#モデルプレスガルアワ#恋愛#ゼクシィ#モデルプレス#女子力代全員RT#怖い話
1430477685000,Q.キングダムハーツまだ？A.つくりまーすがんばりまーす
1430477683000,キンハーの催促
1430477682000,やっぱあれだけ本数売っても売りっぱなしでは回収できないのね。
1430477682000,地雷の話だ...
1430477674000,確かに「作ってる」発言あった
1430477674000,黒歴史に踏み込むマン
1430477671000,「キングダムハーツ早く作って！」「ドキッ」
1430477665000,「あ、はいキングタムハーツですねはい作ってまーすはい作りまーす」
1430477664000,ゲームやらない身からすると3000円でも高いわ。ゲーム一本でメインSSSのチケット買えるわ。
1430477662000,「キンハーをだせ」
1430477660000,ファよさんもTAなんですね
1430477660000,夜フクロウにはしないの？
1430477658000,キングダムハーツの新作早く作って
1430477655000,キングダムハーツなあ
1430477649000,KH3もPS4買うトリガーになるよ
1430477647000,「キングダムハーツシリーズの新作をはやく」
1430477646000,Q7.キングダムハーツの新しいのを作れ。A7.がんばります。
1430477643000,キングダムハーツか
1430477642000,KH3早く出せ、わかる
1430477642000,キングダムハーツ作りま〜す
1430477640000,メディコンで100以外の点数をつけながら、なぜここで減点しているのかなって思う。
1430477637000,Q7.キングダムハーツの新しいのを作れ。A7.がんばります。
1430477635000,今なんの質問したの？
1430477622000,5000円って魔法石85個って考えると安いな？
1430477619000,DLCは時代の流れなのか…
1430477617000,ジャブジャブ課金したくなるような
1430477612000,9k出してえっちなッゲームかってる人もたくさんいるんだぜ
1430477606000,あーDLCの質問しようと思ったけど今若干言われた
1430477605000,DLCは良くない！やめよう！！！
1430477604000,A6.昔は12k程度で売っていて潤っていたが、今は全体のデフレの中で6.8k〜8.8kくらいで売って、追加のダウンロードコンテンツとかにしようかとか、続きはスマホで課金してとか、そういう感じのビジネスを展開している。HDだけでは厳しい。
1430477604000,DLC商法…
1430477603000,「課金しろキモオタ」
1430477602000,ゲームへの感謝を忘れない人だ…
1430477601000,DLC商法だ！！！！
1430477595000,ゆのっちかわいい
1430477588000,FF13(9240円)
1430477587000,でも万越えのゲームはごく一部の人しか買わないんだよなぁ
1430477581000,申し訳ないけど5000円でも高いと感じる
1430477580000,確かに一万円弱で下手すりゃ数年遊べるってのはヤバイ
1430477578000,変遷を1ツイートに納め忘れました
1430477566000,編成というか曲数が多そう
1430477557000,確かに一万した時代もあったんだしな
1430477556000,Q6.昔は6k程度の価格が高く感じていたが、今となっては安すぎるのではないかと感じています。CGや音楽など、割ける容量が大きくなっているので、元がとれているのか大丈夫なのか心配です。
1430477556000,→ゲームの価格があまりに安すぎるのではないか
1430477544000,おい、ベテランアッピル多すぎやろW
1430477535000,steamの100%オフセール
1430477533000,ゲームの価格があまりに高すぎるのではないか
1430477527000,ﾊﾅｶﾝｼｬの流れが定着してきた
1430477514000,A5.わりと会社の設備としてリフレッシュする場所をたくさん用意をしている。ずっと目が同じ距離を見ていると固まってしまうので、定期的にリフレッシュする時間を設けています。肩こりもひどくなるので、インドアのエクササイズとかも用意しています。コーチ…
1430477512000,ユーザーへの配慮があるかという質問だと思ったけど違ったのか
1430477510000,Q5.グラフィックを綺麗にすると目が疲れやすくなったりするでしょう。社内で開発する際、色使いや目の疲れなどは議論されているのですか。
1430477507000,東大は健康的な職場ですか？
1430477506000,夜フクロウだとかなり綺麗なんだけどね
1430477489000,目の照準距離を一定に保たないために、画角を一定に保ちつつ前後に動いてくれるモニタが求められているのでは！？！？
1430477489000,ゲームは1日1時間（下限）
1430477476000,Q5.グラフィックを綺麗にすると目が疲れやすくなったりするでしょう。社内で開発する際、色使いや目の疲れなどは議論されているのですか。
1430477475000,お前ut内の眼鏡率見てみろよ
1430477473000,A5.わりと会社の設備としてリフレッシュする場所をたくさん用意をしている。ずっと目が同じ距離を見ていると固まってしまうので、定期的にリフレッシュする時間を設けています。肩こりもひどくなるので、インドアのエクササイズとかも用意しています。コーチも来ます。
1430477473000,例えばスクエアエニックスのような大きなすでに成功しているといえるような会社が、広告による収入をスマフォゲームで展開したら何かしらの影響があるのかな意図しないような広告が出るのは不本意だろうけどそこかな
1430477470000,クレーマーかな？ｗ
1430477470000,保健の授業じゃないんだよ
1430477457000,これ質問意味取り違えてない
1430477453000,ゲームで目を悪くする、それが人生
1430477453000,ゲーム10時間くらいやらないと目が疲れない人です
1430477441000,クレーマーかな？ｗ
1430477432000,テレビゲームは一日一時間
1430477425000,ゲーム開発時に目の疲れにくさは考慮しているか？
1430477423000,よく分からん質問
1430477419000,Q5.グラフィックを綺麗にすると目が疲れやすくなったりするでしょう。社内で開発する際、色使いや目の疲れなどは議論されているのですか。
1430477412000,「結構昔からFFをやっている人間としては〜デュフw」
1430477410000,A4-2.アレはバンダイ時代のものだったので今はやめてます。
1430477408000,Q4-2.伊達眼鏡が有名と聞いたのですが、今日はかけてないんですね。なんでですか。
1430477406000,重さ２０Kgの眼鏡を外すことで本来の力を解放してるに決まってんだろ
1430477393000,あとで見よ
1430477393000,A4-2.アレはバンダイ時代のものだったので今はやめてます。
1430477390000,えこの人、名人だったのか
1430477385000,質問が出ない
1430477378000,ところでFF10ノベライズのことに言及するオタクが出たらその頭をブリッツボールにしてやるからな
1430477375000,Q4-2.伊達眼鏡が有名と聞いたのですが、今日はかけてないんですね。なんでですか。
1430477366000,いい質問ですね〜
1430477363000,伊達眼鏡www
1430477360000,橋本名人
1430477357000,「橋本さん今日はどうして伊達眼鏡かけてないんですか？」
1430477356000,今日は伊達眼鏡かけないんですか？
1430477349000,Q4-2.伊達眼鏡が有名と聞いたのですが、今日はかけてないんですね。なんでですか。
1430477346000,wikipediaで徹底的にサーチしてくる人だ
1430477342000,伊達メガネをかけていないのは何故？
1430477338000,伊達眼鏡聞くなwwwwww
1430477334000,ネタ質問
1430477333000,中国進出は政府の承認が壁らしい
1430477331000,Wiki
1430477330000,Wikipediaで橋本さんを調べてきている人だ…
1430477321000,A4-1.中国のメインランドでは政府の皆さんに承認をもらわなきゃいけなかった。それには多少時間がかかったと思います。
1430477307000,今年中国進出したがその際の障害になった課題は？
1430477301000,Q4-1.今年やっと中国に進出し、それまでに時間がかかったとききました。なにが最も大きい要因だったのですか？
1430477299000,「中国に進出した時の課題は」
1430477294000,事前情報を得てきている人だ…
1430477291000,FFを売るためには、最初数時間や1ストーリーは無料で、そこからは1000円。みたいな感じどうなのかな。
1430477285000,2つ質問するな
1430477277000,スマフォを縦持ちしてゲームをしているのは日本だけ(海外では基本横持ち)
1430477269000,A3.本格的なFFをスマホにお届けして、その反応を見たいと思っていた。日本では縦持ちゲームが標準だが欧米では横持ち標準。こんなFFがどこまで日本で戦えるのか、今後を見ていきたいと思う所存である。
1430477269000,横持ち(スクフェス)
1430477268000,そうか、スマホ縦持ちするのは日本だけなのか
1430477267000,リッチに搾取していこうな
1430477261000,記者会見
1430477257000,FFRKはおっさんしかやってないっしょ
1430477255000,難しそうだが、あればめっちゃ欲しい
1430477254000,用心棒に行ってきました。#有益なことをつぶやこうの新商品#お洒落さんと繋がりたい#オリンピック新種目
1430477243000,グラフィック使うアプリはスマホの熱問題解決してからにしてほしさ
1430477212000,「はいえんど」
1430477209000,Q3.スマホゲームについて。日本のスマホゲームは市場が成長していると思うが、たとえばパズドラなどガチャを回すなどの、FFが目指す路線とは全然違うでしょう。スマホにはどのようなタイプのFFをのせるのか？
1430477209000,最先端？
1430477207000,スマホでハイエンドは難しいイメージがある
1430477205000,日本のスマフォゲームはすごい成長しているけどパズドラとかブラウザゲームのガチャ系の、FFの今までの路線のような購入型ではないのかスマフォでのハイエンドのタイトルは提供しますか？
1430477203000,ハイエンドってなに
1430477199000,ハイエンドFFタイトルをスマホに提供する予定はあるか？
1430477190000,俺ならナナシス挙げる
1430477181000,FFコラボ
1430477169000,ソシャゲ
1430477161000,少なくともASBは動画だけで充分
1430477161000,まあ実況観て楽しんでるなら新作の実況を観るためにもちゃんと投資しような
1430477159000,おい、スクフェスと言え
1430477154000,Q.ゲームのプレイ動画についてどう思うか。A.結論は出ていないが、動画に満足しないで新作を買ってほしい♡
1430477143000,もうプレイ動画見ずにゲーム買うことすら稀になったので...
1430477140000,質問者の隣の女の子が可愛かった
1430477139000,実況プレイについて全面否定はしない。それに触発されてゲーム買ってねと祈るしかない。
1430477131000,今週の授業、情報メディア伝達論を思い出して懐かしい
1430477125000,私なんかは満足しちゃうしなー(でも買ってほしいらしい)
1430477125000,A2.中古・コピーが絶対ダメか、実況動画が絶対ダメかと言われると、新作を買ってくれるかもしれないし、一概に悪いとはいえない。まあ、せっかくならゲームを買ってね、という話です。
1430477118000,実況動画から入って買っちゃう派だからなんとも言えねえ
1430477103000,実況動画の問題
1430477103000,煽っていく流れか！？
1430477100000,実況動画の質問鋭い
1430477100000,いい質問
1430477097000,実況動画についてどう思うか
1430477095000,実況動画についてどう考えてるか
1430477093000,Q2.中古品や違法コピーに関して。今では実況動画のアップロードがある。それに触発される人もいるし、それだけで楽しめる人もいる。これに関してどう思うか。
1430477091000,よくある質問
1430477088000,すごかった(小並)以外に何書こう
1430477085000,実況はグレーだよね
1430477082000,実況動画に切り込むマン
1430477075000,A.日本にはバリエーション豊富なゲームのハードがあって分散している面もある。逆にいえば欧米のゲーム会社は当てなければならないという相当なリスクを負っている。日本が劣っているとは思わない。
1430477064000,名前名乗ろうよ
1430477059000,国内がな
1430477047000,第7世代：2000年代中盤-2000年代末のゲーム機(DSなど)
1430477045000,欧米型：ハイリスクハイリターン日本：ハードを分散させることでリスクも分散
1430477043000,A.「日本は広く浅くやってんのよ、考え方の違い」
1430477042000,感想はスクエニ愛を叫べばいいんじゃないかな
1430477040000,A（つづき）.負けてるのか、と言われますと、まだまだFFを含めて十分叩けると思っています。
1430477038000,授業の感想「グラフィックきれいだなー」
1430477028000,欧米はリスクヘッジがゴミ
1430477023000,A（つづき）.だから、単に決算の値ではわからない。欧米の場合は外したら死ぬパターンであるが、日本では分散されているとかんがえることもできる。
1430477021000,積極的な授業姿勢(さっきインストールした)
1430477016000,欧米は技術派日本は多様派
1430477014000,欧米がグラフィックに力入れすぎてるだけ？
1430477013000,最初の感想難回のようだ
1430476996000,A.確かに欧米のタイトルには強いものがある。ただ日本は独特だ。たとえばスマホのゲームがこんなにあるのは日本だけ。しかもPSP、DSなど媒体としてもバラエティ豊富である。欧米はハイエンドなものばかり技術を伸ばしていったと考えられる。
1430476986000,あとはTENGAの関係者の話が聞きたいかな
1430476980000,感想書くことなさすぎるわかりまくる
1430476975000,これ感想に書く内容に困るな…
1430476969000,日本は独特、スマホゲーの種類が多い
1430476963000,これまじで感想書くこと無さ過ぎてウケる
1430476950000,Q「最近の日本のゲーム雑魚くね？」
1430476948000,CoD、アサシン、グラセフ
1430476945000,Q.おそらく世界のゲーム産業から見ると、日本ほどレガシーを持っている国はないと思う。そしてPS1までは日本が圧倒的優位であったのも事実である。7からはゲームの中心が欧米中心に移っていったのではないか。ただ欧米が強くなったのか。それとも日本が失…
1430476939000,ｲｼｮﾃｨくんつよすぎる
1430476935000,334
1430476932000,”難しいご質問”
1430476930000,TLで見てるだけでFFやりたみが無限に増してるし生で講義受けてる人はその数倍やりたくなってるんだろうな
1430476928000,Q.おそらく世界のゲーム産業から見ると、日本ほどレガシーを持っている国はないと思う。そしてPS1までは日本が圧倒的優位であったのも事実である。7からはゲームの中心が欧米中心に移っていったのではないか。ただ欧米が強くなったのか。それとも日本が失敗していったのか。
1430476928000,日本のタイトルが第七世代ゲーム機で不調の理由は？
1430476913000,(RPGはシステム面でほとんど進化しないのかな...)
1430476906000,6までは日本のタイトルとしてしか有名でなかったが，7からはグラフィックが格段に上がり，欧米にも人気が出て，世界的に有名な作品になった．その分，逆に期待をうらぎらない責任も出てくる．そこは，がんばって行きたい．
1430476905000,FF全くやったことない勢としては「取りあえずかっけぇ」以外の感想が出てこなかった
1430476891000,映像の麗美さはわかったけど
1430476884000,楽しい話を聞いて終了
1430476882000,いい映像授業だった
1430476880000,感想の紙に書く内容なさ過ぎィ
1430476878000,映像が凄かった。（それ以外は知らない）
1430476876000,こんにちは！
1430476875000,おっ
1430476864000,シンプルですばらしい講義だったな
1430476863000,ここから本編
1430476861000,質問タイム30分か・・・
1430476860000,グラフィックの変化以外あまり分からなかったのですがそれは
1430476859000,正直中身はなかった
1430476857000,5分早いな
1430476857000,質問タイム
1430476855000,終了！
1430476855000,「期待に対する100点満点のコンテンツは0点に等しい」って感じの言葉を思い出した
1430476849000,一体何を学んだんだ……
1430476849000,申し訳程度のリクルーティング要素
1430476848000,終わるの早くない？
1430476848000,・毎年毎年新卒も採用しているので、もしご興味があったらね、わかるでしょ、
1430476845000,ん？早いな
1430476833000,・クールジャパンと称される日本の様々なコンテンツの中の1つとしてやっていければいいなと思っている次第であります。
1430476830000,冷静に自分が作ったものが何千万人に届くってどんな気持ちなんだろうな
1430476825000,え、これもう終わるの？
1430476824000,KONMAI呼んで欲しい
1430476823000,質問タイム長くとる感じかな？
1430476822000,渋みじゃなくて仕組みだったわ
1430476819000,この講義、自分のインナー小学生が大暴れしてるからツイハードルがガバガバなんだよな許して
1430476817000,・CGの技術に関してはハリウッドからも高いご評価も頂いています。これを日本のアーティストが高みを目指して努力をしている次第でございます。
1430476816000,ファイナルファンタジーは新しいことにチャレンジする．たとえ一つの作品が成功しても，その仕組みを流用したりせず，さらにそれを超えるようなものを作り上げたい．ただし，「これはFFだ！」というような精神は残していきたい．
1430476808000,HMD「毎年毎年、前年を超える学事歴を作っていこう」
1430476798000,13にFFらしさはありましたか？ｗｗｗ
1430476798000,終わるの早ない？
1430476797000,ゲハ感あるな・・・
1430476794000,・6までは日本のタイトルとしてしか有名でなかったが、7からはグラフィックが格段に上がり、欧米にも人気が出て、世界的に有名な作品になった。・逆に期待をうらぎらない責任も。
1430476791000,常に新しさにチャレンジする毎回毎回新鮮さを保つために前回を超える意識を持つやっぱりFFだと思わせるような安心感→世界に称賛されるゲームになった
1430476791000,この人世界世界言い過ぎ、濱田純一かよ
1430476788000,積極的な授業姿勢(さっきインストールした)
1430476788000,でもFFらしさは残していけ
1430476784000,１作ヒットすればそれを次作に流用したくはなるが、できるだけ前作を超えることを目標に開発する。
1430476781000,HMD「毎年毎年、前年を超える学事歴を作っていこう」
1430476780000,FFの精神常に新しいことにチャレンジ1個が成功するとつい前作を使いまわしたくなるが、毎回前作を超える作品を目指すただしFFらしさは残して
1430476771000,HMD「毎年毎年、前年を超える学事歴を作っていこう」
1430476769000,常に新しいことにチャレンジ、前作の渋みを利用したくてもあえてしない
1430476767000,前作の仕組みを使いたいがそれを越えようFFの安心感は保ったまま
1430476761000,新鮮さを保つために前作を超える
1430476759000,ポイント・ファイナルファンタジーの精神は、常に新しいことにチャレンジする・わりと一個が成功すると、前作の仕組みを利用して作りたくなるが、毎回新鮮さを欠かないために、新たなものを考案している。それでもFFだよねって言われるように努力している。
1430476754000,どう見てもこれはFFだよねという安心感
1430476750000,前作に甘えない
1430476740000,とりあえずエルシャダイやろうぜ！
1430476736000,そういやタイトー買収してたね
1430476734000,この講義室でずっとゲーム音楽聞いていたい
1430476732000,タイトーがスクエニに買収されたの知らない人多そう
1430476726000,企業入り乱れてるな
1430476722000,あれ、今更だけど12もシームレス戦闘では？アクションじゃないつてのが明確な違いなのか。
1430476721000,え終わり？
1430476712000,タイトーってスクエニ系なの！？
1430476709000,スクエニ×SONY×コーエーテクモ
1430476708000,タイトー
1430476705000,ポイントはコーエーテクモさんと共同開発で、もともとのキャラクターやモーションはスクエニのものだが、技術にアクションに強いコーエーテクモのものを使い、さらに筐体をソニーさんの基板が入ることで、新たなアーケードゲームに
1430476694000,「この綺麗なグラフィックのまま戦えますぞ！」
1430476689000,グラフィックの鬼みたいなゲームだ
1430476686000,E3(ゲームショー)E3(艦これ)E3(新幹線)
1430476680000,これは冨樫義博休載の歴史でもある
1430476677000,嫌だ…永遠にこの講義を受けていたい……
1430476670000,リアタイであのレンダリングはすごいだろ…
1430476669000,コエテクは最近俺の中で株が爆上がりしてる
1430476664000,あーこんな大画面大音響でゲームしてみてえ
1430476664000,現在FF15製作中．グラフィックが更に強化されている．また，FF1～FF14はボタンを押して，コマンドして戦うというスタイルだったが，FF15では，アクションRPGとしてはじめての試みである．
1430476662000,アーケードディシディア
1430476660000,メーカー的にも無双だ
1430476659000,SPADAみたいなロゴだった
1430476655000,このゲームPVばっかり流れてる授業、E3感があって良い
1430476648000,リアルタイムレンダもここまで来たか
1430476647000,目の前の映像がリアルタイムでプレイできるっていうの、にわかに信じられない
1430476644000,これめっちゃやってみたい
1430476639000,戦いの舞台は""ストリート""へ……ｽﾆｯｸﾌﾞｰ
1430476635000,どれだけCGがきれいになっていてもさして驚かなくなってしまっている自分が怖い
1430476631000,キャラクター増えてる？
1430476628000,「この綺麗なグラフィックのまま戦えます」
1430476625000,CGでもなんでもなくリアルタイム合成。信じられないレベルのアーケードゲーム。
1430476621000,リアルタイムレンダリングでこのレベルってやばくない！？
1430476619000,ライトニング！！！！！
1430476616000,ディシディア勢としては大興奮
1430476612000,ハードの進化って偉大だ
1430476611000,CGでもなんでもなくリアルタイム合成。信じられないレベルのアーケードゲーム。
1430476611000,えろい
1430476609000,名前は忘れたけどこのキャラクターも使ってました
1430476602000,リアルタイムの映像なのかよ
1430476586000,ディシディアアーケード
1430476583000,ディシディアACじゃん
1430476583000,父親を目の前で殺され、母親は魔界に連れ去られ、復讐しようと意気込むのに自分が伝説の勇者じゃないと気付いた時の無力感はすごかった
1430476576000,ディシディアFFアーケード版か
1430476574000,よくセフィロスを使ってました。中二病なので
1430476574000,ディシディアゲーセン展開するのか
1430476572000,アーケードか・・
1430476568000,ディシディアかな
1430476565000,ゲームってええなぁ…
1430476556000,きたじゃん
1430476555000,やっぱ外人向けだよなー画像きれいなのはいいけど…
1430476548000,どう見てもあれは一人称視点じゃなくて三人称視点です
1430476547000,きた！
1430476544000,あ、最後のラムウ？
1430476533000,本編を今まさに作っているところ
1430476529000,のツイートひたすらふぁぼってたら21万ふぁぼ突破しましたありがとうございました
1430476524000,残念ながら私は一人称視点のゲームは苦手なので、途中で挫折しそう
1430476524000,今まではずっとボタンを押して戦うというルールであったが、アクションRPGとしては15が初めての試み（ただし番号がそのまま付いている作品として）
1430476521000,アクションRPGになるのか。正直そっちのが好きだからマジでやりてえ
1430476520000,東京大学工学部金曜6限の授業内容です。ご確認ください。
1430476519000,日本人が好きなやつだ
1430476517000,戦闘がモンハンになってるな
1430476515000,15アクションRPGなのかそれにしてはもっさりでは…
1430476512000,モンハンみたいたしかに
1430476508000,あんなイケメンじゃなくてオタクが活躍するゲームは……
1430476506000,東京大学工学部金曜6限の授業内容です。ご確認ください。
1430476504000,天空シリーズって最初は確かサンタローズの村の洞窟の奥に天空の剣があったんだよな
1430476501000,11942kpbs
1430476498000,今作からリアルタイムバトルになったのか
1430476497000,普通にPV激アツだったわ
1430476491000,EPISODEDUSCAE
1430476490000,PS4版のアイマスめっちゃ楽しみなんだけどこれ小鳥さんの小皺とか死ぬほど描き込めるんじゃないの
1430476484000,FFXVすげえええええええええ
1430476481000,すげぇなぁ…
1430476480000,FFXVのグラフィックは半端ない
1430476468000,これだけじゃ何とも
1430476468000,あまりにもダイナミックな召喚
1430476465000,はあほしい
1430476465000,次にこういうの作ってくれたら買おうかなって言おうとしたものが作られてるな
1430476461000,THENEWGENERATIONDAWNS
1430476460000,ニコニコで空耳流行りそう
1430476459000,FFXVの動画
1430476457000,PS4爆売れ
1430476453000,新世代が、ここに。
1430476449000,買うか…
1430476446000,チョコボ肌
1430476440000,用心棒に行ってきました。#有益なことをつぶやこうの新商品#お洒落さんと繋がりたい#オリンピック新種目
1430476436000,かみなりじゃないわ！いかずちよ！
1430476435000,ラムウですかね
1430476434000,この教室やっぱ音響いい
1430476432000,巨人ｗｗｗ
1430476430000,雷すげえ
1430476425000,やべえよ……やべえよ……
1430476423000,ゲームってここまで進化してたんだな・・・
1430476420000,FFっていつからターン制やめたんです？
1430476419000,音楽もよいぞ
1430476419000,なんかワンダと巨像みたいになってきた
1430476409000,PS4の描画性能がすごい。昔でいうCGがリアルタイムで描画できる。
1430476404000,グラすげぇ
1430476397000,やりたすぎるでしょ
1430476395000,＜タイトル毎に進化し続けるという精神＞「ファイナルファンタジーは常に前作を越えていかなければならない」この精神は大事にしている．前作と違ってシステムが違って大変だといわれようが，音楽が変わって大変だといわれようが，この精神は貫いていきたい！
1430476393000,"PowerUnbound"
1430476392000,いや、普通に楽しそうだよ？
1430476390000,完全なMMOという感じだ
1430476390000,目玉焼き
1430476389000,でもドラクエ5の一番の要素は主人公が伝説の勇者じゃないって部分
1430476386000,久しぶりにMMOしたくなってきたなぁ
1430476383000,これFF15の映像なの？
1430476383000,英語リスニング勢いないの
1430476381000,この教室でプラウド・クラッド(2回目)戦やって宣伝したい
1430476380000,ゲーム音楽は良いぞ〜
1430476379000,シームレスに戦闘開始！
1430476378000,ベヒーモス安定の咬ませ犬役
1430476374000,somethingisoff
1430476366000,腹減った
1430476366000,ベヒーモスたそ~
1430476362000,映画みたいな迫力だなこの音楽はFFじゃなくて何かの音楽じゃないのか？
1430476359000,普通に面白そう
1430476358000,FF15の映像を見た感想：「モンハンとMS3足してきれいにしたような感じ？」
1430476358000,HAAAAAAAA
1430476355000,バハムートさん登場
1430476352000,モンハンみたい
1430476352000,実際XV出たら考えるレベルではあるPS4
1430476350000,タフでグローバル
1430476340000,これが噂のホストFFか
1430476340000,ホスト集団が戦うの、端的に言ってシュール
1430476340000,FF15の映像。きれい。
1430476340000,ずっと前にも言ったけど，FF15のグラフィックはんぱねぇ．
1430476337000,勃起不可避
1430476337000,チョコボがやたらリアル
1430476332000,まるでGTAVみたいだあ…
1430476328000,みなさんが飯テロされた通りの映像の綺麗さ
1430476321000,おっぱい！
1430476320000,現在15の映像をご覧頂いております
1430476319000,目玉焼きテラリアルW
1430476319000,これ例のホストゲーじゃん
1430476316000,飯テロだ許さねえ
1430476313000,モンスターハンターなるほどな
1430476310000,もっさりDMCっぽい
1430476310000,すごい処理が重そうな映像だ
1430476308000,突然の飯テロ
1430476306000,飯テロ
1430476299000,こういうゲームがしたい…でもなんかモンハンっぽい
1430476299000,この教室でゲームやりたすぎる
1430476295000,俺の知ってるRPGと違う
1430476292000,モンスターハンターみたいだ
1430476291000,なにこれ超やりたい
1430476290000,EPISODEDUSCAE
1430476285000,英語はちょっと...
1430476284000,デビルメイクライだろこれ
1430476284000,タッチタイピングよりもタッチライティングのほうが苦手。
1430476283000,これ平行法とかで見たら３Dになってるんです？
1430476282000,ｵｱｯｰ!ﾃﾞｧｰ!
1430476280000,新鮮さを提供する
1430476271000,スクエニ×コーエーテクモ
1430476263000,(完)
1430476263000,〜成功の秘訣〜タイトルごとに進化し続ける・ファイナルファンタジーは常に前作を超えていかなければならない・操作やキャラクターもすべて新規性を追求している
1430476260000,こっからはなにが起きるんだ？
1430476257000,DQは音楽は無限のアレンジですね…
1430476256000,進化し続けるそれがFF。（システムに一貫性があるとは言っていない）
1430476252000,なんとなくだけどDQは枯れた技術、FFは新しい技術って感じがするぞ
1430476248000,講師の方がドラクエ""さん""っていうの、かなりおもしろい
1430476248000,おわり！？
1430476245000,御清聴ありがとうございました
1430476240000,フローラの方が強いのはわかる、でもやっぱりビアンカですよ
1430476239000,ゲームシステム変わるってマジ？
1430476236000,ほんとに？
1430476235000,ドラクエさんと違って、毎回キャラクターもシステムも音楽も変わるので覚えるのが大変だろ！っていう感じだけど、新鮮さはお届けできているはずです！
1430476234000,？？
1430476232000,””DQと違ってキャラクターが毎回変わる””
1430476229000,Steamは試したけどだめだったね、でもOriginとはいけたから東大は甘いよ甘すぎる
1430476219000,俺の前作を越えていけ
1430476216000,常に前作超え前作超えを目指すことで、毎回毎回新鮮なゲームをお届けしている
1430476215000,新鮮さを意識した結果がホストのバーベキュー大遠征…
1430476213000,究極を超える作業をもう１３回もやってるのか…
1430476210000,進化する顔
1430476209000,ファイナルファンタジーは常に前作を超えていかなければならない
1430476208000,右、龍が如くって言われてもわからない
1430476199000,新鮮さは常になければならないプレッシャー
1430476194000,FF「俺の屍を越えてゆけ」
1430476192000,〜成功の秘訣〜音楽・植松伸夫氏代表として、様々なアーティストの方々とコラボレーション・単独のゲームタイトルとしてコンサート運営が成り立っているのは世界でFFだけなのでは？
1430476192000,右、龍が如くって言われてもわからない
1430476192000,＜キービジュアル＞天野のキービジュアルを元に作成．＜音楽＞ご存知うえまつさん．この人を代表として，様々なアーティストの人とコラボしている．ゲームタイトルを前面に推してコンサートを成立させることが出来ているのは，このFFぐらいじゃないんですか？（ドラクエはどうなった）
1430476187000,俺の前作を越えていけ
1430476186000,誰だ靴くさいやつ、臭うぞ
1430476181000,単調増加関数
1430476177000,タイトルごとに進化し続ける・ファイナルファンタジーは常に前作を越えていかなければならない
1430476175000,タイトルごとに進化し続ける「ファイナルファンタジーは常に前作を越えていかなければならない」
1430476172000,左、FF13かな
1430476169000,「タイトルごとに進化し続ける」・ファイナルファンタジーは常に前作を超えていかなければならない。
1430476155000,参考画像
1430476154000,FFコンサート
1430476153000,技術ストーリー音楽すべてに力を入れている...もはや売れない要素がないな？
1430476152000,コンサート行きてー
1430476151000,ゲーム音楽っていいよね
1430476148000,ちなみに植松伸夫氏は世界でコンサートやっています。ゲーム音楽のコンサートとしてビジネスが成立しているのはFFだけでは。
1430476146000,尚東大の回線でsteamは使えない模様
1430476141000,やっぱりビアンカですよ
1430476136000,メキシコシティーでコンサートやったんだ
1430476130000,の実況、イショティに食われてる感が有るしアカウントごとにコンテンツ性を獲得しないとやばそう
1430476128000,暑い
1430476126000,光は青春
1430476119000,12のBGMにさらっと変拍子混ぜたりしててびっくらした記憶あるな
1430476114000,X-2のオープニング、俺は好きだよ…
1430476111000,「倖田來未さんは歌姫としてすごい大人気」
1430476111000,音楽植松伸夫氏を代表として様々なアーティストとコラボ
1430476103000,キングダムハーツの時は宇多田ヒカルさんとコラボ
1430476098000,今や…？
1430476098000,倖田來未っていつの話やww
1430476093000,倖田來未・・・
1430476092000,はTwitter受講できるから神しかし、どうせならUstでもしてくれ
1430476091000,FF8だっていい話だっただろみんなアルティマニアの小説読もうな(オタク)
1430476090000,FFやったことあるのドコモのガラケーにプリインストールされてたやつだけですね…
1430476089000,FFで有名になるコンポーザー、ミュージシャン、歌手の方もいらっしゃいます。倖田來未さんなどが特に有名。
1430476082000,FFの曲は好きです
1430476080000,イメージアートは全作品天野喜孝先生の原画をもとに色付け等がされている
1430476074000,音楽…様々なアーティストの方々とコラボレーション
1430476073000,ザナルカンドにてだ！！
1430476068000,存在の根幹の部分をギュンギュン攻めてくるロゴだ…
1430476068000,あ＾〜
1430476068000,左の画像めっちゃリアル
1430476067000,音楽作曲家：植松伸夫氏を代表として、様々なアーティストの方々とコラボレーション。昔はスクエニ所属でしたが、今はフリーです。
1430476063000,ドラクエやったことない…
1430476062000,FFの共通点は、クリスタルとかではなくて「天野先生の絵」
1430476054000,植松
1430476052000,確かに他に共通点ねえな
1430476050000,神様だな
1430476050000,ドラクエのほうをやってたからFFのファンタジーどーん！って感じに若干違和感をもってしまうんだよなぁ
1430476048000,天野喜孝
1430476047000,天野先生のFF以外の仕事あまり知らない
1430476039000,の実況、イショティに食われてる感が有るしアカウントごとにコンテンツ性を獲得しないとやばそう
1430476038000,ファイナルファンタジーの攻略本や原画集もいくつか買ってたけどちゃんと公式のやつ買ってますよ！
1430476037000,天野先生の原画反映されてる様子が全くわからないんだよね
1430476033000,天野先生のキービジュアルを継承
1430476029000,イメージアート:天野喜孝先生のキービジュアル
1430476027000,FFのロゴに付いているエは、天野喜孝先生の絵をグラフィッカーさんが編集して作っている
1430476026000,上国料勇を出せ
1430476022000,「お金がかかりすぎて無理」というのはどうなんだ
1430476015000,天野先生って言われてもノーベル賞の先生しか思いつかない
1430476013000,moneyispower
1430476010000,イメージアート天野喜孝先生ナンバータイトルとして、第１作目から歴代継承されているのは、天野先生のキービジュアルになります。
1430476007000,今プロデューサーって言った？この人Pなん！？
1430476002000,ゲマvsパパスとか小学校低学年にとってトラウマどころじゃない
1430476000000,個人的にはグラフィックはある程度どうでも良いから値段安くしてほしいなぁ
1430475993000,【FFが成功した秘訣とは？】究極のファンタジーを目指すということを常に目指してやっている．そして，時代の最先端の最新技術を導入することを心がけた．また，目標を他の人がついていけなくなるくらい高く設定することを意識し，そのためには何ができるかということを常に考えた．
1430475990000,筋力オタク
1430475989000,プロデューサーさん！
1430475989000,〜成功の秘訣〜時代の最高峰のファンタジーを目指す時代最先端の最新技術を導入唯一無二の作品を目指す(当然お金はかかるしリスクはあります)
1430475987000,真似されないタイピング速度を身につけていこうな💪💪
1430475976000,スクエニの真似をするとお金がかかりすぎて無理
1430475975000,よくファミコン、スーパーファミコン時代は、FF・ドラクエを真似したRPGが結構あった。しかしながら、PS時代からは真似するとカネがかかる、ということでほとんど真似されなくなってきた。
1430475961000,それでオタクなの？
1430475960000,FF成功の秘訣時代の最高峰のファンタジーを目指す時代の最先端の最新技術を導入唯一無二の作品を目指す
1430475953000,耳を澄ますとタイピング音しかしない
1430475952000,最高峰のファンタジーを目指す時代の最先端技術を取り入れる唯一無二の作品を目指す
1430475949000,はTwitter受講できるから神しかし、どうせならUstでもしてくれ
1430475946000,志は高く
1430475943000,冷静だ
1430475941000,目標を高くする
1430475940000,目標は高く
1430475937000,左DS版FF3？？？
1430475936000,「あれはもう真似できないよね！（声量大）」
1430475936000,ムーンショットかな？
1430475935000,真似できないよねってほど作られるのすごいけど真似されるのも名誉じゃないかなぁ
1430475934000,「時代の最高峰のファンタジーを目指す」
1430475931000,ストーリー・冒険、キャラクター、ファンタジーの世界等、時代・時代の最高峰のファンタジーを目指す。・時代の最先端の最新技術を導入。・唯一無二の作品を目指す。
1430475928000,最先端技術の導入・時代の最高峰のファンタジーを目指す目標は高く
1430475919000,あれはもう真似できないよね！っていうようなものを作ることを意識していた。
1430475916000,学部のみで250人ってやばすぎでしょ
1430475914000,本題はFFの歴史ではなく””成功の秘訣””
1430475913000,ｲｼｮﾃｨ氏多分213実況タイピング速度最速なので
1430475911000,1.ストーリー・冒険、キャラクター、ファンタジーの世界など、時代、時代の最高峰のファンタジーを目指す。・（リスクもあるが）時代の最先端の最新技術を導入。・唯一無二の作品を目指す。
1430475909000,ドラクエ5のレヌール城の動く石像(？)はボスよりトラウマ
1430475907000,零式しゅき〜〜〜
1430475902000,成功の秘訣
1430475896000,「何がFFなの？」
1430475889000,中古のFFは語り継がれる伝説、歴戦の勇士って感じだけど、中古のアイマスは「あの人は今」的な番組の企画に見えるし中古のドリクラなんてヒモ男に沈められたみたいで目も当てられない
1430475889000,今日はガチでFFの歴史の話ばっかりでおもしろいな？
1430475888000,成功の秘訣
1430475887000,成功の秘訣
1430475886000,utmcは学部と院生で授業名も授業コードも違うので、履修者250名というのは学部のみの数字ですね
1430475881000,””成功の秘訣””
1430475880000,「成功の秘訣」
1430475879000,イントロが終わりました。
1430475879000,イショティ君の実況能力な
1430475878000,成功の秘訣
1430475878000,１５の映像後であります
1430475872000,「成功の秘訣」
1430475871000,ホモ
1430475867000,例の車のトレーラーだっけFF15
1430475867000,きさらぎ出てきたら起きる
1430475866000,はTwitter受講できるから神しかし、どうせならUstでもしてくれ
1430475864000,ぜろしきじゃなくてれいしきって読むのか…
1430475858000,男臭いな＃FF１５
1430475856000,これはもうネットに動画がありますよ
1430475852000,零式！！！！やりてえ！！！
1430475847000,中古屋を敵視するタイプのクリエイターだ
1430475845000,最新作FFXVを開発中。3月19日（木）FF零式HD＋FFXV体験版
1430475844000,ファイナルファンタジーはシリーズ累計売り上げ1億本以上達成できている(中古販売，違法コピーなどは除く)
1430475841000,9のPVのガーネットが可愛すぎてまだ引きずってる
1430475840000,最新作FFXVを開発中
1430475836000,中古で買ったのは1.1億本に入らないから実際はもっと多い
1430475834000,中古で買ったものは入らない、違法コピーも入ってないです
1430475832000,utmcは学部と院生で授業名も授業コードも違うので、履修者250名というのは学部のみの数字ですね
1430475832000,ゲーム全くやらないから死んだ魚の目をしてる
1430475827000,割れが辛い
1430475825000,わかる……
1430475824000,中古で買ったものや違法コピーされたものはカウントされない
1430475822000,PS、PS2、PSPではかなりコピーされた
1430475819000,中古の販売数は売上にはいらない
1430475817000,一時期めっちゃ流行った記憶がある
1430475816000,提督多杉内
1430475812000,違法・中古の問題
1430475812000,PSPだけで3つ買ったからな
1430475811000,中古は基本
1430475811000,中古で買った本も入っていない
1430475811000,移植商法
1430475809000,ユウナたそ～
1430475807000,ユウナ(チャラいver)だ！
1430475805000,「コピーされまくってます」
1430475802000,【悲報】Xboxone持ってる人皆無
1430475799000,残念ながら非常に（違法）コピーされています
1430475794000,売上累計1億本以上(ドン)
1430475792000,シリーズ累計1.1億本ってすげえ
1430475792000,ムノウさんめっちゃ目立ってる
1430475791000,FFシリーズ累計売上本数、1億本以上
1430475788000,私だけで4~5個持ってるからね
1430475786000,履修２５０人なのに３００人強入る教室でほぼ満員か
1430475780000,センター、スノウ
1430475779000,13のビジュアル一番デカイの嬉しい
1430475774000,FFシリーズ累計売上本数、1億本以上
1430475774000,最近はほとんど3DSだな
1430475772000,最近はスマホでもいろいろな新作がアリマスヨ．
1430475771000,要約：オタクが増えるとありがたい
1430475770000,1億1000万も超えている
1430475770000,PCゲーム(クッキークリッカー)
1430475769000,互換性つけると高くなる？
1430475769000,FFシリーズ累計売上本数、1億本以上
1430475763000,シリーズ累計売上本数、1億本以上
1430475763000,PCはそこそこありますね...
1430475763000,AoCの新拡張はよ
1430475761000,せっかくだしドラクエの思い出話をしよう
1430475758000,はなし
1430475757000,スクエニの方「PCでゲームやってる人〜～」東大生「「「(大量の挙手)」」」エロゲかな？
1430475756000,僕が小学生の頃に父親が「PS○の売り上げはFFとDQが握ってる」って言ってたな懐かしい
1430475756000,あh無しを戻しまして。
1430475752000,みんな金より時間を犠牲にしてるんだな
1430475751000,開発環境もよい
1430475749000,スクエニの方「PCでゲームやってる人〜～」東大生「「「(大量の挙手)」」」エロゲかな？
1430475747000,PC市場は世界的に見ても元気（日本は出遅れている）
1430475745000,尚東大の回線でsteamは使えない模様
1430475740000,PS4はPS3との互換性があればなあ...
1430475733000,課金しないと曲芸士引けないだろ!?
1430475731000,PCのゲーム（艦これ）
1430475728000,FF15steam版よろしくです
1430475728000,2009年．FF13を発売．後に，FF13-2，FF13-ライトニングリターンズが発売された．FF13に関しては，Blu-rayで表現できるようになった分、どれだけ作りこめばいいか(金と期間)が問題．13-2，13LRでは，FF13のアセットを使いまわした部分も多い．
1430475724000,オタクは艦これをしがち
1430475722000,Steam参戦か？？
1430475722000,確かに割れがな……
1430475718000,ユーザーのハードに合わせてつくっていく
1430475718000,PC用のFFくるー？
1430475717000,流石、PC勢多くて分かってる
1430475716000,FF14じゃん・・・
1430475715000,さあ、何のゲームだ！？
1430475715000,「なるほど、PCですか…」
1430475714000,PCゲーは割れのせいで辛いこんな世の中じゃ
1430475713000,ps4は何があるのかわからんもん…
1430475711000,「PCか、わかりました」
1430475710000,PC版FFか！？
1430475708000,ガラケー…..
1430475706000,あんまり課金していない?
1430475705000,「PC版も作んなきゃな」
1430475705000,PCでゲーム（エロゲ）
1430475703000,むしろPCゲームがメインでしょ
1430475703000,艦これですね
1430475702000,PCでゲームやってる人（BMS）
1430475701000,PC用も作んなきゃなｗ
1430475701000,PCゲーム勢おおいな
1430475701000,PCですか…わかりました
1430475700000,パズドラ無課金勢です（）
1430475700000,スマホの課金ゲーやってる人のほうがPS4持ってる人より多い現状
1430475700000,かんこれ艦これ，始まります！提督が鎮守府に着任しました．これより艦隊の指揮に入ります．
1430475699000,講師「iPhone持ってる人！」(生徒たくさん手を挙げる)講師「Android持ってる人！」(生徒たくさん手を挙げる)俺「」(おもむろにガラケーを取り出す)
1430475698000,みんな11連を無課金で引く人種だからな
1430475697000,pc多いっすねぇ
1430475697000,はははッ
1430475692000,日本人は世界でいちばんスマフォ(のコンテンツ)にお金を使っている
1430475690000,PCでゲームやってる人大井
1430475687000,講師「iPhone持ってる人！」(生徒たくさん手を挙げる)講師「Android持ってる人！」(生徒たくさん手を挙げる)俺「」(おもむろにガラケーを取り出す)
1430475687000,ハード買ってからソフト買うってのより、やりたいソフトの為にハードを買う人が多いイメージ
1430475684000,課金者はい
1430475681000,アイマスは今年PS4で発表したいみたいなこと言ってたしな
1430475676000,課金勢少ない
1430475676000,スマホで課金しない×
1430475675000,絶対廃課金勢もっといるでしょ
1430475671000,スマホゲーはやったことないですね...
1430475670000,ぜひどれくらい艦これやってるのかも聞いてほしいな
1430475669000,高校、大学のあたりが一番スマホゲームにお金を使っている
1430475668000,課金の怖さ
1430475665000,あ、タグ
1430475662000,別に嫌で不登校的に行かなかったわけじゃないでしょw
1430475661000,「スマホに課金勢は挙手」
1430475660000,「スマホでお金使ってゲームしてる方挙手」
1430475658000,PCでゲームやるようになってからPS4も箱も選択肢に入りません
1430475658000,スマホゲームが日本は強くなってきている
1430475657000,意外と課金勢少ない東大生
1430475656000,スクフェスに課金してるやつもっといるだろ
1430475651000,課金勢意外と少ないな
1430475651000,手軽なんだよな
1430475647000,スマホのゲームが結構楽しいので、厳しい
1430475644000,欧米で売れてて日本で売れてないPS4
1430475640000,バーチャルボーイは持ってます
1430475637000,プレステ4無意味に欲しい
1430475631000,右のオタク()
1430475630000,「PS4を買ってくれるようなソフトを作れなくて申し訳ないと思っている」
1430475627000,「PS4買っても遊ぶソフト無いよ〜」
1430475626000,日本で売れないPS4
1430475625000,アイマスが出たらPS4買うから安心しろ
1430475622000,10%どころか1%くらいじゃなかったか...?
1430475614000,世界でPS4で1600万台なのに、日本では殆ど売れなかった
1430475612000,FF15出たら絶対ps4買います。
1430475612000,アイマスかFF15が出たらPS4買うよ
1430475608000,ブラッドボーンのためにPS4買ったオタクです
1430475608000,【悲報】Xboxone持ってる人皆無
1430475606000,日本でps4全然売れてないよね
1430475600000,xbox360なら持ってまーーーーーーーーーーーーーす！！！！！！！！！！！！！！！！！！！！！！！！！！！！！！！！！！！！！！！！！！！！！！！！！！！！！！！！！
1430475595000,FF14評価で検索するとうっってなる
1430475595000,PS3は2割位は持ってそう
1430475590000,日本ではハード所有者が少ないのね
1430475589000,ゲームがあればハードを買うんだよな
1430475587000,う～ん全部持ってない
1430475584000,魅力的なタイトルがないとハードは買わんでしょ
1430475584000,PS4人口少ないな...
1430475583000,WiiUは？ｗ
1430475581000,Android少ないなぁ
1430475578000,PS4数人、XBoxOne0人
1430475578000,Androidこんなに少ないのか・・・
1430475577000,さっきから聞いてていい声なんだよな
1430475576000,iPhone持ってます
1430475573000,俺はGalaxy派だ
1430475566000,右のオタクがPS4持ってるらしい
1430475565000,プレステ4持ってる人少ねえ
1430475563000,箱1所有者:0人
1430475561000,X1ｗｗｗｗｗｗｗｗ
1430475555000,こんなもんすか…
1430475553000,そろそろEternalFantasyシリーズとして出すべきじゃない？
1430475545000,このころにようやく任天堂と和解したんだな
1430475542000,ps4の時代
1430475533000,FF114514
1430475529000,「見やすく（見えるとは言ってない）」
1430475526000,本っっっっ当にFFの歴史の話しかしないなこれww
1430475524000,もしもしゲー戦略
1430475522000,FF100
1430475519000,零式HD
1430475512000,FF15やりてえな
1430475507000,結局資金次第か
1430475498000,FF15いつ出ますか？
1430475498000,下の欄（誰も見えない）
1430475478000,11の後継である14。期待はあったもののいろいろあって新しく作りなおすことに。
1430475475000,"""""かなり色々な問題を抱えてしまった"""""
1430475473000,アセット…ゲームに登場するパーツすべての総称
1430475468000,ディシディアは実績に100km移動するみたいなのがあってひたすらレールを走ってた
1430475464000,コスト節減のためにアセットを使いまわして続編制作FF13→FF13-2→ライトニングリターンズFF13
1430475453000,映画版FINALFANTASY失敗に伴うFFU打ち切りを絶対に許さない市民の会
1430475450000,ある程度アセットを使いまわすことで、13の3部作を完成
1430475439000,アセトン？
1430475438000,asset
1430475435000,LR13はな…
1430475435000,ディシディアアーケード化するらしいしな
1430475431000,カタカナに弱い
1430475431000,コップの中の蝿の描写すら可能に→こだわりの限界が見え始める
1430475430000,ライトニングリターンズwww
1430475429000,ハードの進化に伴ってどこまで描き込むのかという問題が浮上
1430475429000,その結果の三部作か
1430475426000,よくやってたのはタクティクスじゃなくディシディアだw
1430475421000,プレステ3なら虫一匹まで表現できちゃう
1430475410000,飛んでいる虫一匹も描写できるんだけど、どこまでこだわる？
1430475407000,Blu-rayで表現できるようになったので、どれだけ作りこめばいいのかとなった（予算・製作期間との兼ね合い）
1430475407000,どんだけ作りこめば良いのかわからなくなってきた
1430475403000,ワンダースワンはアノードテイマーカソードテイマーを生み出した時点で大正義だって言ってんだろ！デジタマにされてえのか！！
1430475400000,ディシディアもやったなぁ
1430475398000,12のガンビットシステム大好きでした
1430475393000,ん？
1430475393000,驚愕鴨
1430475391000,ん？
1430475373000,ゲームの歴史の話を聴いていたら是非ともSEGAの方の話ききたいなぁ〜〜〜〜〜と思う
1430475372000,2009年、PS3とともにFF13シリーズデビュー。
1430475371000,13
1430475370000,FFCCはよ
1430475366000,スクエニになってから3年(2006年)，FF12発売．壮大なストーリーと強力なグラフィックで、映画チックにすることを目指した．
1430475364000,一言いいかな...そのスライド見えないんだけど意味あるの？
1430475359000,ワンダースワンW
1430475356000,ハードの拡がり
1430475356000,ワンダースワン、FFでなければ即死だった
1430475355000,ワンダースワンとか存在忘れてたｗ
1430475351000,ワンダースワンもってなし
1430475348000,講義中に失礼するゾ～（謝罪）FFコラボ超地獄難しスギィ！！！！自分、コンテいいっすか？まさかジャンプごときでワンパンされるとは困ったなあ～ギルガメッシュスキルマにしなくてすみません！許してください！なんでもしますから！(周回しないとは言ってない)
1430475346000,どのハードでも遊べるように
1430475340000,このころはいろいろなハードが登場して広がってきた状況なので、それぞれハードごとに作っていきたいということで、いろいろ移植した。
1430475339000,「我々のコンテンツ」
1430475338000,視力検査会場ですかここは
1430475338000,ワンダースワンとかいう言葉の響きだけで泣く
1430475337000,ワンダースワン懐かしすぎワロチ
1430475337000,ワンダースワンとかいう激懐かしい単語きたな・・・
1430475335000,GBAリメイク版FF1がやりこみ要素多くて一番すき
1430475333000,ワンダースワンって失敗だったん？
1430475332000,ワンダースワンとか久々に聞いたなオイ
1430475316000,ワンダースワンｗ
1430475300000,12は小6でやってた記憶がとてもある
1430475299000,FF12やる人はオメガMk.2倒そうな
1430475299000,自分でも見えんのかいｗ
1430475298000,発表者も読めないスライド
1430475295000,自分でも読めないw
1430475294000,FF12の壮大なストーリーテイル()
1430475292000,クリスタルクロニクルやったけど小学生の僕には何がなんだか1ミリも理解できなかった
1430475291000,壮大なストーリーと強力なグラフィックで、映画チックに
1430475289000,だんだん細くなる文字、試される視力
1430475284000,えっあれ全部外伝なん？
1430475281000,誰もスライド開いてないし上がってなさそう
1430475280000,金が無いのでエニックスと合併
1430475279000,FF11はMMOへ挑戦．これも最大60万人ユーザーを抱えるほどの大ヒットになったが，やはり金を使いすぎてしまい経営は苦しくなった．そこで新作を出すより，この時代はいろいろなタイトルを出すことに尽力した(FFTA，FFクリスタルCなど)．そしてエニクスと合併．
1430475278000,スクエアとエニックスが合併した結果生まれたもの
1430475275000,箱増えすぎィ！
1430475274000,xbox?
1430475268000,2006年、PS2で最後の作品であるFF12
1430475261000,全然見えないんだけどどっかに上がってるかな
1430475257000,グラフィックや音楽に力をいれすぎてお金を使いすぎた！会社破綻の危機！お金がある会社と合併しなきゃ！→スクウェアエニックスに
1430475256000,外伝多っww
1430475252000,クリスタルクロニクルは小学生時代の思い出
1430475249000,このころガラケーのゲームとしても制作
1430475249000,このころにようやく任天堂と和解したんだな
1430475239000,スクウェアとエニックスが別の会社だったの知らない人なんているのか
1430475238000,タクティクスアドバンス、クリスタルクロニクルシリーズなどなどもこのへんで発売
1430475229000,X-2
1430475224000,MMOって言葉知らん買ったから調べたら「大規模多人数同時参加型オンライン」って出てきてようやく理解した
1430475222000,ここから101110-2と発売
1430475218000,映画、MMOでお金の使いすぎで、11発売の後に2003年エニックス(資金強)と合併
1430475217000,12年も前か…
1430475210000,スクウェア・エニックスという名前は、スクウェアを立てるために前に名前置いたけど、実際はエニックスが吸収する形だったっけ
1430475193000,エニックスさんをエリクサーに空耳
1430475192000,みえない
1430475187000,スクウェアな
1430475186000,お金使いすぎィ！→11のあとEnixと合併
1430475186000,すばせか続編出ませんか
1430475180000,結局はお金なんだなぁ
1430475177000,2003.Enixと合併
1430475175000,2003年（FF11のあと）スクエアとエニックスが合併
1430475175000,やっぱりFFは12あたりで変わったな
1430475168000,映画花はなぁ...
1430475168000,ファイナルファンタジー…映画…ホノルル支店…Lisp…うっ頭が…
1430475166000,MMOと映画で金使いすぎちゃったW
1430475165000,経営の話でやってくる映画の話
1430475147000,しかし，お金が予想以上にかかってしまったため，FF7～9の時代はそれほど経営がうまくいっているわけではなかった．
1430475145000,㋔㋟㋗！達の興奮でハコが熱気で蒸し返している
1430475142000,MMO
1430475137000,濱田純一がグローバルといった回数と橋本真司さんがお陰様で世界的にと言った回数
1430475131000,PS1からPS2にかけてどのようにFFを変化させようか社内で会議を重ね、リアルな描き込みを重視するように。
1430475121000,すばせか続編出ませんか
1430475121000,ライトニングさんのおっぱい描き込んで喜んでたんだろう！正直にいえ！！
1430475116000,13を「好評」というと結構な嘘になる気がするがどう言うか
1430475097000,映画の話は完全スルーは出来なかったんだな
1430475094000,PS2により3Dの時代へ突入
1430475091000,PSからPS2に変わる！やばい！グラフィックの方向性を決めなきゃ！
1430475085000,9→10、PS→PS2のときに「リアルなキャラクターの書き込み」をすることにした
1430475084000,FF7，8から，グラフィックを大幅に強化し，爆発的なヒットとなった．この2つのゲームで海外への認知が上がる．またFFタクティクスなどの外伝作品も出来た．
1430475083000,1から2に変わるとき、どうしていくか、という話になった。
1430475079000,タクティクスが後の12に繋がっていった
1430475063000,「「「眼鏡が特徴的であったが、実は伊達眼鏡である。」」」
1430475061000,2D（任天堂さんビジネス）
1430475053000,FFの映画（察し）
1430475051000,東京大学工学部金曜6限の授業内容です。ご確認ください。
1430475048000,そして怒涛のプレイステーション2の時代へ
1430475047000,「お金がかかりすぎまして経営が苦しくなりました」
1430475041000,FFの映画…
1430475040000,FF映画版のことか…
1430475036000,FF映画とかいう黒歴史
1430475035000,ところがどっこい、このへんでお金がかかりすぎて経営が苦しくなりつつ
1430475033000,ｶﾀｶﾀｶﾀｶﾀｶﾀｶﾀｶﾀｶﾀｶﾀｶﾀｶﾀｶﾀｶﾀｶﾀｶﾀｶﾀｶﾀｶﾀｶﾀｶﾀｶﾀｶﾀｶﾀｶﾀｶﾀｶﾀｶﾀｶﾀｶﾀｶﾀｶﾀｶﾀｶﾀｶﾀｶﾀｶﾀｶﾀｶﾀｶﾀｶﾀｶﾀｶﾀｶﾀｶﾀｶﾀｶﾀｶﾀｶﾀｶﾀｶﾀｶﾀｶﾀｶﾀｶﾀｶﾀｶﾀｶﾀｶﾀｶﾀｶﾀｶﾀｶﾀｶﾀｶﾀｶﾀｶﾀｶ
1430475031000,FFの映画って黒歴史？
1430475031000,78のおかげでアメリカ・ヨーロッパでも人気がでるように。その一番の要因は、映像がよくなり、等身が上がって立体感がましたこと。
1430475024000,このころから日本のクリエイターだけでなく海外のクリエイターも参加して作られた
1430475023000,FFがリアル志向になったのに海外の影響がある
1430475022000,タクティクスが後の12に繋がっていった
1430475021000,FF8だっていい話だっただろみんなアルティマニアの小説読もうな(オタク)
1430475016000,ホノルル
1430475009000,香港で映画
1430475008000,欧米の人たちは演出重視、頭身高めのリアル系グラフィックの方が受け入れられる
1430474997000,7以降のグラの進化によって欧米でウケた
1430474997000,FFは1～6に進んでいくにつれ着々と売り上げを伸ばした．しかし海外にはなかなか受け入れてもらえなかった部分もある．海外に受け入れられるような商品を狙って作り上げたのがFFミスティッククエスト．
1430474997000,そして9。
1430474988000,78のおかげでアメリカ・ヨーロッパでも人気がでるように。その一番の要因は、映像がよくなり、等身が上がって立体感がましたこと。
1430474986000,欧米贅沢すぎでしょ
1430474979000,8、本編そっちのけでカードゲームやりまくった思い出
1430474973000,わたししってますー！FFで一番面白いのはチョコボレーシングなんですー！！
1430474972000,FF６までならiPhoneとかでもできるはず
1430474970000,FFT(FastFourierTransform)
1430474966000,Ⅷが一番売れた
1430474966000,FF8、国内で400万本弱売ってなかったっけ？
1430474964000,FF8が一番売れた
1430474961000,FFコラボモンスター強くしてください
1430474954000,FF8。生産本数が一番多かった。
1430474951000,うっひょおおおおおおおおああああああ閃光だぁああああああああああ！！
1430474949000,あ〜〜〜〜〜〜〜〜〜浜渦さんの曲最高何じゃ〜〜〜〜〜〜〜〜〜〜〜
1430474942000,1997〜多様化FFT→FF12への伏線
1430474936000,一年に一個FF出るって贅沢だよなあ
1430474936000,ヤズマットの名前の元ネタの人松野さん
1430474931000,FFT
1430474929000,ニーズの多様化に合わせて外伝、派生作を作る
1430474924000,チョコボのニーズって...？
1430474923000,冷静にスクウェアとエニックスが合併するときの業界の衝撃半端なかっただろうな
1430474921000,（1997くらい〜）
1430474921000,スクエアエニックスのことをフェニックスと読んでいた頃。
1430474915000,ユーザーの多様化に合わせてシリーズを増やしていった
1430474907000,「下の箱」が小さすぎて何も見えない
1430474903000,SFCのソフトは高いイメージ
1430474901000,下の箱isなに
1430474891000,昔SFCのスーパードンキーコング3買った時12000円くらいした気がするなぁ
1430474887000,こっちで実況しちゃおｗ
1430474877000,特に6は、カセットが一万を超える時代であった（当時は材料費が高かったのでこれくらいが普通だった）
1430474875000,クロノトリガーはよ新作を
1430474875000,クロトリは親が買ってた
1430474874000,もうだめだわぜつぼうてきよ
1430474873000,FFT即高速フーリエ変換
1430474861000,実績解除がかなり重かった
1430474850000,ミスティッククエストは海外向けなのか
1430474848000,アメリカを意識して作られたミスティッククエスト
1430474847000,ミスティッククエスト…
1430474847000,What'syourfinalfantasy?
1430474846000,日本ではすでに456と販売本数が伸びていた。
1430474844000,「日本のゲームは世界に受け入れてくれなかった」
1430474839000,FFTが多分一番プレイ時間長いんだよなぁ
1430474835000,東京大学工学部金曜6限の授業内容です。ご確認ください。
1430474835000,世界の人に受け入れてもらえてなかったので、アメリカを意識して作りました（ミスティッククエスト）
1430474834000,アメリカを意識
1430474832000,FFDQやってない人だと同世代でもスクウェアとエニックスが別だった感覚がないの驚愕過ぎる
1430474831000,ミストナックル？（難聴）
1430474830000,もう一回貼っておきますね
1430474824000,聖剣伝説ってFFの外伝だったのか
1430474810000,あれすき
1430474805000,ファイナルファンタジーUSAミスティッククエスト
1430474804000,ミスティッククエストだ！！！！！！！！！！！！！！！！
1430474802000,FinalFantasy25thAnniversaryBonusDisc(今日見た映像はこれです)
1430474798000,スクエアとエニックスがそもそも別だったと知りませんでした
1430474793000,攻略本によって載ってる情報載ってない情報に差があったりするんだけど、本屋行くと大体透明カバーかけてあって中見れないからどれ買うか迷うんだよね
1430474791000,FF→1987(DQ→1986)1987〜19901〜3FC1991〜19944〜6SFC
1430474786000,スライドうんちだしこのタイミングで寝だす都市工のワイワイ集団うぜえな
1430474784000,見えない
1430474783000,スクエアとエニックスがそもそも別だったと知りませんでした
1430474783000,TL追ってると210のツイート追加とかww皆ツイートしすぎw学外の自分としてはありがたいけど（笑）
1430474775000,スクエニが合併したの知らない人、結構多いんだなぁ
1430474775000,ちっちぇえ
1430474765000,見えない
1430474759000,ALESAを受けよう
1430474756000,字が小さくて笑う
1430474750000,プレゼンのスライドのきほんをわかってないな？
1430474749000,パワポ細かい！
1430474746000,スクエアとエニックスがそもそも別だったと知りませんでした
1430474745000,攻略本を使ってゲームする時代の話
1430474741000,究極幻想物語
1430474737000,圧倒的文字の小ささ
1430474737000,【ファイナルファンタジーとは？】ファイナルは最後というよりは「究極」のという意味合いが強い．当時はSquareとEnixはライバルであり，しのぎをけずっていた．
1430474733000,見えないｗ
1430474733000,視力検査
1430474730000,そうかそういえばドラクエとFFは最初は別会社か
1430474723000,スクエニ合併のニュースはめっちゃ驚いた
1430474716000,当時はスクエアとエニックスに分かれていてお互いしのぎを削っていた
1430474716000,2歳からお世話になってますとか言って古参感出しとこw
1430474712000,ぼく「ファイナルファンタジーはとっととファイナルになれ」講師「ファイナルは究極の意」ぼく「」
1430474710000,ファイナルファンタジーはいつファイナルになるの？
1430474707000,坂口博信氏によって制作
1430474706000,ファイナル…最高の、究極のという意味合いが強い
1430474697000,1987年発売の日本のロールプレイングゲーム（なおドラゴンクエストは1986年発売）
1430474696000,100万本売れなければ続編を作れなかった時代のスクウェアはどこへ行ったんだ…
1430474694000,ファイナルは究極の、最高の、の意味
1430474690000,キンハ創設者かよwww
1430474685000,final:最高の究極の
1430474685000,ファイナル・ファンタジーとは最後の、というより究極の、という意味
1430474684000,「最後」というよりは「究極の」という意味を意識した
1430474684000,FFもドラクエもやったことないです
1430474684000,そっちの意味かよ！！！！！
1430474684000,すばせか続編出て欲しいよなぁ
1430474676000,ファイナルファンタジーとは（哲学
1430474675000,このハコの音響素晴らしすぎるし、㋔㋟㋗！アニメ放映会したい
1430474670000,ファイナルファンタジーとは
1430474667000,クロノトリガー発売を実現させた(太字)
1430474663000,同じスライドを２つスクリーンに投影しても誰も文句を言わないタイプの講演
1430474662000,すばせか続編出ませんか
1430474662000,キンハ創設者かよwww
1430474662000,キングダムハーツがすべての始まりだった感じはある
1430474662000,ファイナルファンタジーとは
1430474660000,キンハーを1から作った人
1430474658000,キングダムハーツの話聞きたい
1430474658000,キングダムハーツを立ち上げた人なの！？
1430474657000,スクエニの橋本真司さんって橋本環奈さんのお父さんですよね確か
1430474655000,キングダムハーツ立ち上げの人なのか・・・
1430474653000,すばせか続編出ませんか
1430474646000,担当作品は、FF7からのFFシリーズ、キングダムハーツシリーズ、フロントミッションシリーズ、チョコボの不思議なダンジョンシリーズなど
1430474640000,「クロノトリガー販売を実現させた」
1430474640000,神回だ…
1430474637000,FinalFantasy25thAnniversaryBonusDiscvia
1430474636000,なるほど理転しようかな…
1430474633000,映像が終わって今週が終わった感じある。
1430474625000,橋本真司さん
1430474623000,よさ気なテンプレだ
1430474622000,では，FinalFantasyの歴史をもうすこし細かに見ていこう．
1430474619000,小学生時代を思い出して多少つらくなる
1430474618000,もう一回貼っておきますね
1430474616000,FFやったことないと退屈な15分ムービーだった
1430474615000,いい講義だった
1430474615000,メインパワポ入りまーす
1430474613000,良い最終回だった
1430474611000,桜井さんにスマブラの話を聞きたいなあ
1430474611000,FFやりたいな
1430474610000,「退屈なパワーポイント」
1430474608000,「退屈なパワーポイント」
1430474606000,「退屈なpowerpoint」
1430474605000,もう一回貼っておきますね
1430474604000,やばいマジで眼球痛い
1430474604000,退屈なPowerpoint
1430474602000,たいくつなパワーポイントへ
1430474602000,チョコボかわいい
1430474600000,きさらぎさんの活躍もっと見たかった
1430474596000,FFやるか．．．
1430474596000,FF13が長くて満足
1430474595000,しすそう…
1430474595000,2017年に30周年を迎える．大々的にいろいろやっていこうと思っている．
1430474594000,僕達の90~00年代はもう帰ってこないんだ………ウ~~~ッ
1430474593000,もう一回貼っておきますね
1430474591000,FFやりたくなったわ
1430474590000,いい講義だった
1430474590000,帰りません
1430474584000,もう一回貼っておきますね
1430474583000,ゲームって最近のことなんだな
1430474583000,いい講義だった帰ろう
1430474581000,普通に感動した
1430474580000,テレポの本はクソ面白い
1430474577000,もう一回貼っておきますね
1430474575000,再来年に30周年
1430474571000,エモｗ
1430474569000,次はラブライブ！の歴史ということで…
1430474568000,いい映画だった
1430474567000,この動画だけで満足した感じがある
1430474566000,さあFFコンテンツに金を払うのだ
1430474563000,８８８８８８８８８８８８８
1430474563000,いい講義だった
1430474560000,25th
1430474558000,キャラがかわよくなって終始勃起してる
1430474555000,のタイミングに合わせてビデオを見ていた
1430474554000,この動画欲しい！！！！
1430474554000,てま芸士の紹介マダー？
1430474553000,888888888
1430474553000,次はアイマスの歴史を流そう（P並感
1430474552000,ファイナルのはずだったんだよなぁ
1430474551000,個人的にはFCSFCあたりのムービーの方が意欲を湧きたてられた
1430474549000,FFめっちゃやりたくなってきてるんだが!?
1430474545000,888888888888888888888888
1430474539000,ff借りるか……買うか……
1430474536000,ハードがないんだよなあ
1430474533000,東京大学で行われているファイナルファンタジー史の授業です(?)
1430474530000,普通に見入ってしまった、懐かしいのもあったし
1430474528000,プレリュードの心洗われる感じよ
1430474521000,なんかおじさんがすごい頑張ってる
1430474517000,13はまともに街に寄れる機会がほぼない以外は好き
1430474514000,最初はプレイ画面だったのが最後らへんはムービーばっかになってるなあ
1430474506000,この映像ってYouTubeか何かで見られるのかな
1430474506000,もうなんかお腹いっぱいだ
1430474497000,14稼働した頃のPVかこれ
1430474496000,グラフィック細かいなあ
1430474495000,ffはもういいからクロノトリガーの続編出してくれ
1430474491000,オタクでよかったわかりすぎる
1430474485000,大群をCGで作る描写はすごい好きLoRとか
1430474483000,立ち見大変そう
1430474475000,最初はプレイ画面だったのが最後らへんはムービーばっかになってるなあ
1430474472000,そうだ部室行こう
1430474471000,キャラメイクの音楽？
1430474471000,東京大学工学部金曜6限の授業内容です。ご確認ください。
1430474470000,FF14はFF11のMMOの客をそのまま取り入れたいということでできたもの．
1430474464000,ffやりたすぎるぞ
1430474463000,13-2に言及したなら10-2にも言及しろよ！！！！！！！
1430474463000,FF14
1430474462000,ﾌｫｰ…ﾃｨｰﾝ
1430474460000,ツイート数がやば
1430474460000,FF14だ
1430474451000,ふぅ
1430474444000,XIIIはゲームというより映画って聞いた
1430474444000,ジェクトのボス曲アレンジだああああ
1430474443000,誰か弾いてたよな
1430474439000,DVD・ブルーレイ普及の立役者であるところのプレイステーション偉大
1430474438000,グラフィックすごすぎるよな…
1430474436000,ffはもういいからクロノトリガーの続編出してくれ
1430474433000,音楽がいい
1430474421000,FF12はハリウッドのような壮大なスケールを意識した．FF13からPS3に．この時代はブルーレイの時代ですね！
1430474420000,Blu-rayの容量フルに使ったゲームソフト、か…
1430474418000,泣きそう
1430474416000,この映像だとわかりにくいっぽいけど12から13がグラフィック進化おかしすぎるんだよな
1430474416000,PS2でもグラすごってなったけどPS3で更にレベル上がってて凄いとしか言いようがない
1430474414000,さすがに鳥肌立つ
1430474413000,Blue-rayができたのも青色LEDのおかげだからね
1430474412000,ライトニングさんや…
1430474412000,FF13、steamで1800円で帰るのでおすすめ
1430474412000,閃光だ！！！
1430474411000,映像を見る環境としての213
1430474411000,ライトニングさんじゃん(オタクなのでライトニングさんが好き)
1430474409000,12の飛空挺のフォルムが綺麗で本当に好き
1430474408000,ロード時間やばそう
1430474407000,ライトニングさん・・・
1430474403000,閃光きたああああああ
1430474402000,音楽はほんとに神なんだよな13
1430474401000,トムヤムクン辛い
1430474400000,東京大学工学部金曜6限の授業内容です。ご確認ください。
1430474395000,高画質すぎ
1430474392000,聴いたことあるぞ
1430474390000,GW、FF13やるのありだわこれ・・・
1430474388000,残念なライトニングさん
1430474385000,ゴールデンウイークは13やる予定
1430474384000,この時代はもうBlu-rayに
1430474384000,んんんんんんんんんんんんんんんんんんんんんんんんんんんんんんんんんんんんんんんんんんんん
1430474383000,Bluerayか…
1430474378000,うっひょおおおおおおおおああああああ閃光だぁああああああああああ！！
1430474377000,あ〜〜〜〜〜〜〜〜〜浜渦さんの曲最高何じゃ〜〜〜〜〜〜〜〜〜〜〜
1430474377000,秋葉原で1円で売られたと噂の13
1430474375000,１３？知らない子ですね
1430474375000,在庫ニングさん
1430474375000,FF13（2009年）PS3で発売
1430474373000,PS3
1430474371000,PS3だ
1430474370000,途中からゲーム画面ではなく映像ばかりになっているのがまたw
1430474370000,13買おうかなぁ
1430474369000,うおおおおおおおおおおおおおおおおおおおおおおおおおおおおおおおおおおおおおおおおおおおお
1430474369000,FF13だ
1430474363000,またなりたくなってきた
1430474361000,13あああああああああああああああああああああああああああああああああああああああああああああああああああああああああああああ
1430474358000,中二心
1430474358000,10もいいけど、乗り物大好きだから12が一番好き
1430474356000,すごい動画だ
1430474354000,壮大なるストーリー性(なお討伐ゲー)
1430474351000,据え置きプレステ一台も持ってない身としてはすごくつらい
1430474348000,ずっと興奮してる
1430474345000,音楽神
1430474345000,これは凄いな
1430474344000,１２の音楽最高
1430474341000,いわゆるハリウッドを意識したストーリー性を重視。大きな舞台セットも用意した。
1430474339000,Hollywoodを意識した作品
1430474337000,映像美しすぎて見入るしかない
1430474335000,PS2最後の作品FF12
1430474334000,プレ２であのビジュアル出せるのか……
1430474331000,めっちゃやりましたわ
1430474329000,東京大学工学部金曜6限の授業内容です。ご確認ください。
1430474329000,あああああああああああああああああああああああああああああああああああああああああ
1430474322000,テンション上がり続けるな
1430474320000,12だあああああああああああああああああああああああああああ
1430474319000,FFめっちゃやってみたいけどプレステなんだよなあ・・・
1430474319000,FF12のボス戦！生のオケは違うね！！
1430474319000,ｵｲﾖｲﾖ
1430474319000,PS2最終作、FF12（2006年）
1430474318000,ヴァン！バルフレア！バッシュ！
1430474316000,ユリパレディは？ねぇねぇねぇ
1430474316000,FF11、MMO
1430474315000,FF10から，グラフィックを大幅に強化した．ここからグラフィックの方向性はだいぶ定まったように思う．FF11からMMOを取り入れた挑戦．
1430474309000,低歩数
1430474306000,12にはおせわになりました
1430474303000,FF10から，グラフィックを大幅に強化した．ここからグラフィックの方向性はだいぶ定まったように思う．FF11からMMOを取り入れた挑戦．
1430474303000,MMORPG
1430474300000,これは挿入ムービーなのか実際のプレイ画面なのか？
1430474297000,キャラがかわよくなって終始勃起してる
1430474296000,グラフィックの進化おかしいだろ
1430474287000,廃人がたくさんいるというイメージしかない
1430474285000,ナンバリングタイトルでMMOって凄いよな
1430474275000,東京大学工学部金曜6限の授業内容です。ご確認ください。
1430474274000,FF11やったことなし
1430474274000,MMOの時代
1430474271000,60万人もFF11やってたの・・・
1430474268000,その時代時代でビジュアルの最先端いってたんだなー
1430474266000,超グラフィックがリアルだ
1430474265000,心拍数が
1430474265000,この曲って１１なんだ
1430474255000,日本一廃人を生み出したネトゲ
1430474255000,FF11（2002年）、PS2およびPC、後にXbox360で発売
1430474254000,なんか授業出てない人が実況してるww
1430474253000,FFは父親が無限にやってた
1430474251000,FF11だ
1430474250000,ジェクトのボス曲アレンジだああああ
1430474246000,11だ〜！
1430474245000,ファイナルファンタジーのグラフィックの方向性がかなり決まっていった時代
1430474245000,10-2は？？？
1430474243000,１１ですね
1430474240000,FFっぽい顔だw
1430474235000,10はね、泣いたよね。
1430474231000,10からビジュアルの方向性が定まった
1430474230000,この作品で、今後のFFのビジュアルが固まった
1430474230000,ジェクトのボス曲アレンジだああああ
1430474228000,グラフィックすごいよなぁ
1430474228000,FF13早く！！！
1430474221000,FF9→FF10でグラフィックが断然変わった
1430474221000,キマリは通さない
1430474221000,FF10（2001年）
1430474220000,すごいなあ！まるで映画みたいだ！！（すっとぼけ
1430474218000,グラフィックが半端なさすぎて見入るしかない
1430474218000,私シンを倒します
1430474217000,10ラスボス曲やん！！(トラウマ
1430474216000,ファイナルファンタジーシリーズってなんかイケメン多すぎない？
1430474211000,すっげぇ
1430474211000,PS2でグラフィック強化
1430474211000,グラフィックがリアルになってきた
1430474210000,FF8はFF7のキャラデザの不自然さなど，反省点を生かした．FF9はFF7FF8とは違い，ファンタジー色に原点回帰．
1430474206000,ffx!
1430474205000,プレイステーション2へ
1430474203000,リアルタイムでFFの歴史の講義やってるの羨ましい…TL見て雰囲気だけでも感じよう
1430474202000,グラフィックの変化すごいな
1430474202000,キマリ
1430474200000,PS2へ
1430474199000,時代の高性能化はこわいなぁ…
1430474193000,エモい...
1430474190000,BlitzOff!
1430474189000,10!!!!!!!!!
1430474184000,同人で見た
1430474183000,CGがすごくなってきた
1430474179000,ダガーちゃん
1430474176000,ガーネットぐうかわ
1430474176000,9メッッチャ面白そうやりてえ
1430474171000,13に向けて心拍数上がってきた
1430474170000,アメリカ人のスタッフがかなり関わった作品
1430474169000,魅入ってる
1430474166000,すまねぇ、RPGはさっぱりなんだ
1430474165000,スクウェアホノルルスタジオｗ
1430474159000,東京大学工学部金曜6限の授業内容です。ご確認ください。
1430474156000,散々エロCGで見た人だ！！
1430474156000,プレイステーション最後の作品、FF9
1430474154000,8が叩かれたせいで原点回帰した9
1430474153000,リアル路線への移行
1430474151000,ああ…
1430474151000,IX(A)
1430474150000,FF9
1430474145000,Ⅸほんとにスキ
1430474143000,パ長だ
1430474141000,FF9の通常戦闘！！
1430474138000,死ぬほどかっこいいからやりたいんだよな
1430474133000,FF8が一番好きかな
1430474132000,PVがリア充
1430474130000,FF8のボス戦！
1430474124000,まずは，FFの歴史を簡単に振り返ってみよう．FFは1987年にファミコンでデビュー．FF1～FF3がファミコン．グラフィックが完全に強化．FF4からSFC．FF5から同期が入ってきました．FF7からPSに変化．ここから3Dに．
1430474124000,音楽があああ
1430474122000,絵がめちゃ綺麗だFF8
1430474122000,CGの進化ってすごいよね
1430474121000,かっこいい
1430474120000,音楽ずっと流しててくれ
1430474119000,ドット絵からあっという間にリアリティのあるグラフィックになったなぁ
1430474119000,テンション上がらざるを得ない
1430474117000,8でかなりきれいにやったよな…
1430474115000,まずは，FFの歴史を簡単に振り返ってみよう．FFは1987年にファミコンでデビュー．FF1～FF3がファミコン．グラフィックが完全に強化．FF4からSFC．FF5から同期が入ってきました．FF7からPSに変化．ここから3Dに．
1430474113000,ユウナかよ
1430474111000,PCが固まったせいで遅れました
1430474108000,ああああああああああ……………
1430474101000,このあたりからFFがゲームというより映画になってきてる気がする…
1430474094000,やったことないんだよなーやりたいんだよなあ
1430474091000,音楽で鳥肌たってる
1430474089000,8！！！
1430474089000,CGムービーに対応した作品
1430474088000,進化がすごい
1430474088000,FFが日本のゲーム界を引っ張ってたんだなぁってのを痛感させられる映像だ
1430474085000,FF8
1430474082000,7からグラフィックやべえ
1430474080000,セフィロス
1430474074000,FF7(神ゲー)
1430474068000,音響最高だな
1430474064000,FF7は偉大だな
1430474061000,いまだに世界的に人気のある作品
1430474060000,興奮を隠し切れない㋔㋟㋗！が散見されている
1430474059000,講師のデビュー作、FF7
1430474059000,別物じゃん
1430474058000,3Dポリゴンすごいなぁ
1430474057000,1997.FF7
1430474055000,FF7リメイクまだですか？？？？
1430474054000,スーファミからプレステの解像度変化半端ない
1430474054000,グラフィックが格段に進化したな
1430474054000,当時はポリゴン叩かれたとか
1430474053000,進化しすぎ
1430474053000,7はやってたからめっちゃ懐かしい
1430474049000,プレステクオリティや
1430474048000,黄金期ですね
1430474048000,曲のつなぎ強いなぁ
1430474047000,この曲（のアレンジ）ダンおにでやった（小並）
1430474046000,7だああああああああああああああああああああああああああああああああああああああああああああああああああああああああああ
1430474045000,FF7（1997年）プレイステーションでデビュー
1430474042000,おおおおおおおおおおおおおおおお
1430474042000,FF7の通常戦闘！
1430474040000,グラフィックよりも私はストーリーとかを…
1430474040000,7!!!!
1430474038000,FF7だ！
1430474037000,ff3の飛空挺のエピソードすこ
1430474036000,カセット一万は子供じゃ手が出ないな
1430474036000,どんどん値段が上がって(この頃は)カセット1本1万円を超える時代です
1430474032000,音楽かっこいいという言葉につきる
1430474030000,もう泣きそう
1430474029000,グラフィックがめっちゃ進化してる
1430474027000,確かに奥行がある
1430474026000,決戦じゃん
1430474017000,ああああああああああああああああああああああああああああああああああああ
1430474017000,ただし、どんどん値段が上がってきて、カセットが1万円を超える時代に
1430474011000,音楽半端ない
1430474010000,ほんとに歴史あるんだなあって思う
1430474010000,Win95感ある
1430474008000,このボス曲すこ
1430474006000,グラフィックがすげえ
1430474006000,奥行きを出すために様々な技術が使われました
1430474000000,決戦
1430473999000,グラフィックがリッチになってきた
1430473998000,FF6のボス戦！！
1430473997000,音楽いいなぁ
1430473997000,ファミコンとかハッキングしたい
1430473991000,FF6のグラフィックすごいよなぁ
1430473989000,北米版ではFF2として発売された
1430473987000,FF6
1430473985000,今日なのすっかり忘れてた
1430473982000,スーパーファミコン最後、1994年、FF6
1430473982000,ミニレポート用紙100点つけた
1430473979000,メガネ忘れたの本当に悔やまれる
1430473978000,この動画mp4で欲しい
1430473977000,ノムティスこの時点で関わってるんだ
1430473975000,果たしてX-2はカウントされるのか！？
1430473973000,FFの至高っていくつなの
1430473970000,とても懐かしい感じのグラフィックが続いてる
1430473970000,レベル5デス…
1430473966000,レベル5デスやめろ
1430473963000,レベル5デスisGod
1430473960000,クリエイターの名前をしっかり出してくれてありがたいけど，すいません全くわかりません
1430473958000,ゲームの歴史から得るところあるのだろうか
1430473955000,宇宙の法則が乱れる！
1430473951000,ギルガメッシューーーーーーーーーーーーーーーーーーーーーーーーーーーーーーーーーーーーーーーーーーーーーーーーーーーーーーーーーーーーーーーーーーーーーーーーー！！！！！
1430473950000,まだ生まれてないぞ……
1430473948000,うちゅうのほうそくがみだれる！
1430473947000,野村哲也初参加作品
1430473944000,この曲はＦＦというよりマリオRPGのクリスタラーの印象
1430473943000,ここから野村さんなのか
1430473941000,FFの歴史
1430473940000,TLなんぞ見てる場合じゃねぇ
1430473939000,このPV配布してくれないのかな
1430473938000,FF5！！！！！！！！！！！！！！！！
1430473938000,東京大学工学部金曜6限の授業内容です。ご確認ください。
1430473937000,この動画mp4で欲しい
1430473933000,FFやったことない…
1430473931000,FFのラスボス突然湧いてきたやつばかりだなあと
1430473929000,オーケストラ版の曲のよさ
1430473925000,FF5（1992年）
1430473925000,メガフレア!!
1430473924000,色々とネタバレギリギリのところまで出してくるなぁ
1430473923000,講義室のプロジェクタでFFのダイジェスト映像観るのめっちゃ楽しいな
1430473922000,5！
1430473919000,この部屋でお皿キュッキュしたさある
1430473918000,まぁぼくFFやったことないんですがね
1430473918000,音楽よすぎでしょ
1430473914000,めっちゃ楽しそう潜ればよかった……
1430473910000,絶対この部屋映画見るのに使うべき
1430473909000,音楽がつよい
1430473903000,グラフィック進化してるって言われても素人目にはあんまりわからないな
1430473903000,FF知らない人間なんですが素朴な疑問として、「なんでファイナルファンタジーなのにいつまでも終わらないんですか？」っていうのがあるんだけどどうなんでしょう???
1430473902000,FF13をくれ！！！！
1430473899000,胸が熱くなってきた
1430473894000,たしかうなぎを食べながらクリアした
1430473892000,verycool
1430473891000,赤魔道士はクソ
1430473891000,いいですとも！
1430473889000,FF13を流して！！！！
1430473888000,音楽すげえなあ
1430473887000,FF4はやった
1430473886000,213教室でこんな音楽が流れるとは
1430473886000,BGMが最高
1430473884000,オケ鳥肌
1430473883000,このぐらいの音出してくれるの最高だなぁ
1430473882000,sugeee
1430473881000,音楽めっちゃかっこ良い
1430473875000,音楽強すぎる
1430473872000,自分がやったこともないゲームを見て「あ〜〜〜〜懐かしい〜〜〜〜(笑)」と発言した奴を◯していく仕事を進めていくか...
1430473872000,ファミコンに別れを告げて、FF4、スーパーファミコン
1430473872000,ただFFの歴史の映像をyoutubeで見るんやなくて大学の講義室でスクエニの人のコメント付きで見るの素晴らしい
1430473868000,音楽神だ…
1430473868000,音楽やばいちょうかっこいい
1430473865000,16ビットマシン
1430473865000,ファミコンに別れをつげて16bitマシンへ
1430473864000,スーファミ✌('ω')
1430473863000,FF4
1430473863000,FF4ｷﾀｰ
1430473862000,16bitmachineのFF
1430473861000,4からはやってる
1430473857000,４だ！！！！！！！！！！！！！！！！！！
1430473857000,最高の講義かよ
1430473856000,人のFF欲をあおるな。
1430473855000,ホーリーはアカンやろw
1430473855000,213の音響がそれなりにいいわかる
1430473855000,FFやったことないけど音楽かっこいいから好き
1430473854000,サントラを買おう！
1430473850000,soundtrackよい
1430473847000,曲もいいし213教室の音響もいい
1430473843000,めっちゃFFやりたくなってきた・・・
1430473842000,画面の端で走ってるのどなた
1430473841000,戦闘モードって感じになる
1430473839000,ファミコン時代の最もグラフィックがいい作品
1430473836000,しょうかんとかこのへんからか
1430473831000,曲かっけえな
1430473829000,まさにFFの「歴史」って感じだ
1430473819000,（実は３しらない…）
1430473816000,スクエニのインターン、確か人工知能関係だった気がするしチャレンジしてみるといいのでは(超適当)
1430473815000,FF3ファミコン最後の作品
1430473810000,RPGツクール感がある（逆）
1430473810000,1990年第３作ファミコン最後の作品
1430473808000,ドット絵版のFF3だ！
1430473807000,戦闘曲いいよね
1430473801000,オーケストラいいな
1430473797000,ウボァー
1430473797000,マリアはかわいい
1430473792000,だから変なシステムだったのか…
1430473789000,音楽いいな〜
1430473782000,ドット絵はね、いいよ
1430473780000,畑圭輔呼んだら聴講を考えた
1430473777000,サガシリーズ！！！？！？！？！？？！？！？
1430473777000,マゾゲーと名高い２だ
1430473776000,ものまねしを倒すのにコントローラーを置くことを閃いた思い出
1430473776000,TGSに来たような感覚
1430473770000,流石に1987年は知りません
1430473770000,ドット絵っていうとポケモン思い出す派です
1430473762000,第２作目1988年
1430473758000,FFやりたいなあ
1430473751000,FF1(psp版)
1430473748000,しがおとずれた
1430473745000,ビッグブリッジききたい
1430473744000,めっちゃFFなんですけど！
1430473741000,D3でも生まれてなさそう
1430473740000,ドット絵と呼ばれているもの
1430473738000,ファミコン時代のドット絵
1430473738000,ディアとかいうなつかし呪文
1430473736000,ゲームはやらないんだ・・・
1430473736000,横で流れてるのはディシディアの映像か？
1430473734000,あ^~~~~~
1430473730000,FFT
1430473728000,ファミコン
1430473725000,8ビットマシン
1430473715000,FFTの話になったら呼んでください
1430473712000,FF1しかやったことなし
1430473710000,このハコ、音良いっすね＾〜〜〜〜
1430473707000,テンション上がってきた
1430473707000,この音楽はわずか数十分で作られたらしい
1430473707000,FF2かな
1430473703000,動画とかは結構見たことあるけど本編はやったことないですね…
1430473701000,FFの歴史
1430473700000,WindowsMediaPlayer
1430473696000,復刻版からやったんだっけ覚えてないや
1430473694000,しめじヒラメでめきんだったかすみません
1430473694000,FFしたことないんだよな
1430473694000,8bitマシン
1430473693000,8bitマシン
1430473692000,この音楽はわずか数十分で作られたらしい
1430473691000,あ＾～いいっすね＾～
1430473690000,電気を消そう！！
1430473690000,教室の電気を消せ💢
1430473689000,東京大学工学部金曜6限の授業内容です。ご確認ください。
1430473689000,FFのダイジェスト映像
1430473688000,最初はニンテンドーのファミコンさん
1430473688000,百合豚なのにFF13をやってないのアイデンティティの危機なんだよな
1430473686000,本社サーバーから一番解像度のいいやつ持ってきてるらしい
1430473685000,下のバー消そう
1430473683000,FFやったことないんですよねえ...
1430473681000,もうこの音楽聞いただけでやばい
1430473680000,さすがに最初のFFはやったことありませんね
1430473678000,PCがVAIO
1430473677000,FFの音楽は知ってる
1430473677000,なっつ
1430473673000,ひょっとして生まれてない
1430473672000,今日はFFの歴史です
1430473668000,FFの歴史ダイジェスト映像
1430473667000,♪〜
1430473666000,「東大さんで講演できて光栄です」
1430473665000,FFって最近新しいの出てるの？
1430473664000,一番いいの（解像度）を頼む
1430473661000,FF
1430473660000,弊社のサーバーにある最も解像度の高いやつ持ってきています
1430473659000,えんさんしめじひらめえのきえんさんしめじひらめえのきセフィロス！
1430473657000,講義開始前のスライドはこんな感じ
1430473655000,まずはFFのダイジェスト映像を
1430473654000,FF、37〜10と13のみプレイです
1430473654000,FF25周年記念映像
1430473653000,FFやったことなかった
1430473651000,塩酸ヒラメしめじデメキン
1430473649000,その頃からのダイジェスト影像を流します
1430473642000,東京大学工学部金曜6限の授業内容です。ご確認ください。
1430473642000,世代的に若い？
1430473636000,utmcで以前スクエニの方来たことあったけど、その時は超ざっくばらんに言うと「新しいFF最高！！！実世界指向神！！！！！！CGこそ全て！！！！！」みたいな感じの講義だった
1430473636000,1987年FF誕生
1430473634000,拍手
1430473630000,FF13RTAは8時間40分です（遅い）
1430473629000,888888888
1430473626000,FFの歴史→FFのポイント→disscussion
1430473623000,御社
1430473621000,セフィロス
1430473617000,FFの歴史
1430473617000,電気が消えてもパソコンのディスプレイで教室が明るいwww
1430473616000,FFの歴史を駆け足でやっていきます！
1430473615000,FFのお話
1430473610000,父親の書斎漁ると無数のFFのソフトがあってだなぁ……
1430473608000,めっちゃ楽しみ
1430473606000,ffの歴史
1430473606000,今日はスクエニ
1430473599000,FFの話とか流石にガチで聞き込む
1430473597000,塩酸シメジヒラメ出目金
1430473585000,FFよりDQ派です（小声
1430473585000,暗い
1430473585000,暗い
1430473584000,初めてのスクエニ
1430473583000,東京大学工学部金曜6限の授業内容です。ご確認ください。
1430473582000,演歌歌いそう
1430473576000,FFやったことないし実況見たこともないからマジで内容を知らない状態
1430473573000,はじまる
1430473565000,FF3のラストダンジョンで闇に飲まれてから授業に来い
1430473557000,ファイナルファンタジーの歴史
1430473551000,このOP神・・・
1430473543000,就学前FF8で自我を形成した身としてはな
1430473532000,FF13のロングイを倒してから授業に来い
1430473531000,そういえばX-2とXIII-2まだやってねえ
1430473522000,タグセット
1430473517000,東京大学工学部金曜6限の授業内容です。ご確認ください。
1430473512000,わたしシンを倒します必ず倒します
1430473511000,後ろ向いたら人の顔が無数にあってちょっと怖かったです
1430473504000,ファイナル・ファンタジーするな艦これやれ
1430473486000,東京大学工学部金曜6限の授業内容です。ご確認ください。
1430473485000,FFの歴史
1430473481000,ドラクエの代わりにかんこれ
1430473467000,東京大学工学部金曜6限の授業内容です。ご確認ください。
1430473466000,フォルティッシモ
1430473456000,FFは実況プレイでしか見たことないです
1430473452000,2年の夏をFF12に溶かした身としてはな
1430473446000,今日もはじまるよー（再投稿）
1430473442000,今日もはじまるよー（再投稿）
1430473438000,今日もはじまるよー（再投稿）
1430473416000,今日はに来てる
1430473403000,1年ぶりにきました
1430473390000,で実況されてますよwww
1430473381000,ゲー研のRTAヤクザたちこわすぎ
1430473378000,FF7しか家にない
1430473374000,FFやったことありません
1430473361000,57歳
1430473359000,ちなみにドラクエは124589しかやったことないです
1430473344000,え？FFやったことないヒトがいるんですか？？
1430473341000,ファイナルフォームライドしよう
1430473332000,FFやったことないですね
1430473314000,FF知らないです
1430473306000,FFやったことないおじさん
1430473306000,就学前FF8で自我を形成した身としてはな
1430473296000,FFの歴史、話してくれない裏の†闇†の黒歴史みたいなのありそう
1430473269000,FFは71213しかやったことない
1430473251000,でも私FFやったことないんだよなあ
1430473243000,はじまる
1430473241000,カラム立てました
1430473229000,最前列＃utmc1
1430473203000,ファイナルファンタジーの歴史聞きにきました
1430473189000,今日こそオタクは静かにしておけッッ
1430473184000,今日のはファイナルファンタジーの歴史、です
1430473181000,おるでW
1430473175000,ffのお話だ
1430473156000,オタクではないのでFFナンバリングは13479101213しかやったことないです
1430473061000,よくぞおうじょをたすけだしてくれた。さあこのきたにはしをかけよう。わしにできるのはこれくらいのことしかない。たいりくにわたりクリスタルのかがやきをとりもどすのだ！！
1430473053000,今日はが楽しそうですねぇ(飲みながらネタにさせて貰おうかな……)
1430473021000,えとく〜〜〜〜んこっち向いて〜〜〜〜〜！！！！！！！
1430473015000,デジカメでもうちょいがんばってみた
1430473006000,ぽきた
1430473002000,FFは10やろ！(ニワカ並感)
1430473001000,suiginさんだ💖💖💖💖💖💖💖💖
1430473000000,先週の神を回収してくれ
1430472993000,東京大学工学部金曜6限の授業内容です。ご確認ください。
1430472945000,講義開始前のスライドはこんな感じ
1430472941000,眠い
1430472923000,FFあまり詳しくないから下手なこと言ったら殺されそうな気がする
1430472903000,FF初代のキャプチャ画像を見て懐古に浸るオタク
1430472899000,講義開始前のスライドはこんな感じ
1430472873000,スクエニ
1430472860000,FF1の画面が前に映されている
1430472840000,オラオラかわよい東工女〜W俺の隣に座れや〜W
1430472829000,東京大学工学部金曜6限の授業内容です。ご確認ください。
1430472801000,に潜入した
1430472789000,㋔㋟㋗！はすぐ興奮する
1430472770000,既に興奮を隠せないオタクが湧いているな？
1430472741000,東京大学工学部金曜6限の授業内容です。ご確認ください。
1430472698000,講義開始前のスライドはこんな感じ
1430472689000,机の上にオタクショップの袋を堂々と置いてイキッてる㋔㋟㋗！がいるな...
1430472686000,FF1から3、機会を見つけていつかやりたいものだ
1430472616000,東京大学工学部金曜6限の授業内容です。ご確認ください。
1430472593000,東京大学工学部金曜6限の授業内容です。ご確認ください。
1430472592000,東京大学工学部金曜6限の授業内容です。ご確認ください。
1430472585000,今日は、スクウェア・エニックス「ファイナル・ファンタジーの歴史」
1430472585000,前のスクリーンよくぞおうじょをたすけだしてくれたさあこのきたにはしをかけようとかめっちゃゲーム画面写ってる
1430472563000,第3回5/1株式会社スクウェア・エニックスコーポレートエグゼクティブ橋本真司「ファイナルファンタジーの歴史」
1430472554000,なんか始まった…!?
1430472549000,東京大学工学部金曜6限の授業内容です。ご確認ください。
1430472528000,FFの歴史
1430472503000,ファミコン時代のFFだ
1430472499000,今週のれっぽよ提出boxどこ？
1430472484000,東京大学工学部金曜6限の授業内容です。ご確認ください。
1430472477000,東京大学工学部金曜6限の授業内容です。ご確認ください。
1430472437000,東京大学工学部金曜6限の授業内容です。ご確認ください。
1430472349000,東京大学工学部金曜6限の授業内容です。ご確認ください。
1430472077000,今日の6限ファイナルファンタジーの歴史
1430472004000,今日のも楽しそうな内容ですね(履修してない顔)
1430471591000,Steamで買ったFF13、積んだまま進めてないです