1429908059000,RT @Mangyong011235: オタク「……ア……ア」pepper1「聞こえないよ」pepper2「聞こえないよ」 #utmc1
1429878682000,そういえばテムザックとかどうなったんだろ。RT @KRiver1: いままでの1mごえロボット動作環境→管理した環境監視員あり、立ち入り禁止区域ありpepper→自由な環境監視員なし、ふれあい自由ロボットとふれあい、リラックスしたコミュニケーション #utmc1
1429877040000,RT @Ishotihadus: 初音ミクのような個性的なデザインでは、特定の嗜好に熱烈に好まれるが、外見から個性が決められてしまう。でもPepperのような中性的なデザインのほうが、威圧感がなく万人になじみやすい。仕草や言葉で個性を変えやすいのだ。 #utmc1
1429877039000,RT @Ishotihadus: 無個性でキレイなデザインが、みんなと会話できるロボットになりうる。 #utmc1
1429876899000,ﾃﾃｰﾝ!とおいおいやる気あるのか？は流行る(確信) #utmc1
1429876857000,RT @Ishotihadus: 無個性でキレイなデザインが、みんなと会話できるロボットになりうる。 #utmc1
1429876845000,RT @Ishotihadus: 初音ミクのような個性的なデザインでは、特定の嗜好に熱烈に好まれるが、外見から個性が決められてしまう。でもPepperのような中性的なデザインのほうが、威圧感がなく万人になじみやすい。仕草や言葉で個性を変えやすいのだ。 #utmc1
1429876565000,https://t.co/Yhwr5kjWTchttps://t.co/zW0D86frd7これがプレゼンのチカラか#utmc1
1429876372000,そういえば今日のドラえもん、タイムリーだな。#utmc1
1429876177000,RT @KRiver1: 例えば「強いロボット」の場合、「ごみをひろう」ためにはアームがいり、そのアームが子供の目を誤って突かないようにセンサーが要り、そのセンサーが劣化しないように○○が要り・・・とどんどんコストがかさんでいき、最終的に「ゴミ捨てロボットは実用不可能」という結…
1429876172000,RT @KRiver1: 「弱いロボット（書籍）」ゴミを見つけて「ごみいれてよー」とくねくねする、ゴミを入れられると喜ぶ→人が自分でゴミを入れるようになるこれは弱いロボットが間接的にゴミを拾っているのではないか？ #utmc1
1429875086000,帰りにpepperの話してるリーマンがいた #utmc1
1429874623000,なんか思ってたよりダンディな声じゃなくてつまらんかった #utmc1
1429874330000,女性がメインターゲットぽかったけど男性をいいこいいこしてくれる伊東ライフモデルのpepperが欲しい #utmc1
1429874313000,超ロボットエリア Pepper http://t.co/XquSXV9Q3c #cho_robo 明日ニコニコ超会議行こうな #utmc1
1429874239000,尻上がりに面白くなっていったな  #utmc1
1429874196000,お疲れ様でした  #utmc1
1429874194000,ありがとうございました。 #utmc1
1429874188000,混ぜるな #utmc1
1429874175000,夫への不満から pepper君にのめり込む妻（？） #utmc1
1429874167000,888888888888 #utmc1
1429874158000,8８８８８８８８８８８８８８８８８８８ #utmc1
1429874141000,女性にとっては会話の相手の存在が減っている。女性が話すというのは、頭の生理にもなる。本当の悩みなら親友にしゃべればいい。どうでもいいことを女の子はしゃべりたい。だからPepperはそういうのを聞いてあげる存在になり、一家に一台くらいはあるのではないか #utmc1
1429874138000,pepperを旦那代わりの愚痴吐き場と想定するのやめろ　#utmc1
1429874133000,一家に一台いて、画像、音声認識ができて、常にクラウド管理されているってこれ完全にテロ組織に乗っ取られて各種SFストーリーが展開するやつでしょ #utmc1
1429874123000,世間話を我慢して聞いてくれるデバイスとして一家に一台 #utmc1
1429874117000,そういえばPepper警部ってもうでた？ #utmc1
1429874090000,#utmc1 http://t.co/cIe4P2EDnR
1429874078000,pepperに楽器を教えるじゃろ？歌も教える。パーソナルカラーで赤く塗る＿人人人人人人人人人人人人人人＿＞　レッドホットチリペッパー　＜￣Y^Y^Y^Y^Y^Y^Y^Y^Y^Y^Y^Y^Y￣#utmc1
1429874072000,おっぱい＼デデーン／#utmc1
1429874066000,RT @o_nishy: そっか、「うんち」に対してたくさんの人が喜ぶとpepperは「うんち！」って言い出すようになるのか… #utmc1
1429874048000,Q．「Pepperの普及率はどれくらいを目指してる？」A．「一家に一台くらいはあってくれたら嬉しい」#utmc1
1429874043000,どこかのタイミングで一家に一台くらいあってくれたらいいな、とは思います。 #utmc1
1429874039000,正直なPepperと嘘つきなPepperがいる。どちらか一方に一回だけ質問をして、Pepperを見極めよう #utmc1
1429874036000,Q. 悪いことをpepperに覚えさせようとする人がいるのでは。A. すべてのpepperが繋がっている以上、学習プロセスを全自動にするのは厳しい。人の目を通すことにする。 #utmc1
1429874033000,新しいデバイスとしてのPepper #utmc1
1429874031000,pepperはどれほど普及すると予想するか？ #utmc1
1429874029000,Pepperはどれくらいの普及率を目指しますか？ #utmc1
1429874027000,全自動話相手機 #utmc1
1429874011000,調教されたpepper「ご主人様……ボクはダメな子です///」まで想像した #utmc1
1429874009000,自分だけを見てくれるように吹き込めば独占欲が充たせるな！！ #utmc1
1429873999000,「２つ質問しちゃダメですよ」 #utmc1
1429873989000,来週中間試験 #utmc1
1429873981000,A.「前者について，あんまり個性を生かして多様なキャラを作ることは考えてない．後者について，そもそも人の行動については，自動学習はまだ考えていない．学習においては人間のチェックを入れるようにしているから，そういうことはない」 #utmc1
1429873976000,「僕もpepper作りに加わりたいなと思いましたﾃﾞｭﾌｯﾃﾞｭﾌﾌ」僕「せやなぁ……」 #utmc1
1429873970000,いきなり放送禁止用語をしゃべるpepperくん怖すぎる #utmc1
1429873954000,Pepperが変なことを吹き込まれる心配は、いまのところ人間がちゃんと確認するので、ないようにするつもりです #utmc1
1429873935000,RT @o_nishy: そっか、「うんち」に対してたくさんの人が喜ぶとpepperは「うんち！」って言い出すようになるのか… #utmc1
1429873926000,変態pepper君は作成可能か　#utmc1
1429873919000,神調教 #utmc1
1429873917000,RT @o_nishy: そっか、「うんち」に対してたくさんの人が喜ぶとpepperは「うんち！」って言い出すようになるのか… #utmc1
1429873904000,つまり、pepperを調教できるってことだな？？？ #utmc1
1429873902000,Pepperはまだまだできたばかり。バリエーションを作るのではなく、もっともっと強いモノを作り、十分期待に応えられるほど成長したらバリエーションを作れたらな、とは思います。組織的には特に決まってないです。 #utmc1
1429873898000,Pepperに良からぬこと吹き込むオタク#utmc1
1429873895000,そっか、「うんち」に対してたくさんの人が喜ぶとpepperは「うんち！」って言い出すようになるのか… #utmc1
1429873891000,pepperにhなことおしえて汚染しような #utmc1
1429873891000,本日の講演者、カリスマ性は他の回の講演者に劣るけども丁寧な語り口調が非常に好き #utmc1
1429873883000,ぶっちゃけ「そんなの関係ねぇ」で既によからぬこと吹き込んでる　#utmc1
1429873880000,まずはマーケットを調査 #utmc1
1429873873000,pepperのバリエーション展開 #utmc1
1429873862000,オタク「僕もpepper遊びに加わってみたいと思うぐらい面白かったですwwwデュフッデュフッwww」#utmc1
1429873860000,何でもiPhoneで例えない🙅 #utmc1
1429873858000,pepperに変な言葉を教える #utmc1
1429873851000,良からぬことを吹き込もうぜ！！ #utmc1
1429873842000,顔も身体も声も性格も入れ替えられても愛し合った記憶だけは忘れていないpepper#utmc1
1429873831000,デザインの多様化は？ #utmc1
1429873819000,デュフフ笑いやめろ #utmc1
1429873806000,Q. pepperを捨てることになったらいろいろと問題がありますよね。A. pepperの頭を不燃ゴミに捨てられたら…困りますねw 回収サービスをつけることにしました。 #utmc1
1429873796000,Q.「将来的にPepperを捨てる時代が来ると思うが，製作者側としてはどう考えている？」A.「ハードウェア上では，不燃ごみではなく回収させてください．不燃ごみで頭とか出されているのは見ていて忍びない」#utmc1
1429873790000,家族ロボットを棄てるのが可哀想、っていう新時代感 #utmc1
1429873771000,そんなわけでターミナルサービスをしています。使い続けたい人は使い続けてどうぞ。そうでないひとはターミナルサービスします。 #utmc1
1429873763000,Pepperの左手だけ残して悦ぶ変態が現れる？？？#utmc1
1429873762000,プラメモやんけ(2回目) #utmc1
1429873759000,Q.「pepperを捨てるのはかわいそうと思うけど」A.「サービスとしては回収したい」#utmc1
1429873758000,RT @hemios_mg: オタクに厳しいPepper #utmc1 http://t.co/Q27mBUrbhU
1429873755000,どなどな～ #utmc1
1429873747000,回収します #utmc1
1429873744000,ターミナルサービスだ #utmc1
1429873740000,結果的に回収するのがいいのではないか #utmc1
1429873738000,やっぱりターミナルサービスだ #utmc1
1429873732000,不燃ゴミに頭を捨てる #utmc1
1429873731000,アンパンマンみたいなこと言い出したぞ#utmc1
1429873731000,大きさ的に粗大ゴミかな... #utmc1
1429873730000,hot pepper#utmc1 http://t.co/U0TVm5P2O3
1429873729000,RT @hemios_mg: オタクに厳しいPepper #utmc1 http://t.co/Q27mBUrbhU
1429873728000,「この頭ちょっと古いから変えよう」 #utmc1
1429873725000,そこにはマミられたpepperが #utmc1
1429873723000,まずどうやって捨てればいいんだ　#utmc1
1429873719000,Pepperはいつか捨てられるはずです。どうするつもりですか #utmc1
1429873713000,プラスティックメモリーズ #utmc1
1429873701000,またプラメモだ #utmc1
1429873696000,今日の #utmc1 は声優の話題が出てから明らかに流速が変わった #utmc1
1429873680000,てかもうこれTAさんが適当に人えらべばいいのでは #utmc1
1429873679000,peperを捨てること #utmc1
1429873640000,Q.「ロボットを作るうえではいろいろな制約があるが，その中で何を以っていいロボットを作れたと思うのか，評価基準は？」A．「いろいろやってみて面白いことができるかどうかが主だったと思う．例外処理の面白さetc.」#utmc1
1429873617000,今日ladygoりぷ祭りじゃん #utmc1
1429873576000,ボクっ娘大好きだからこそした質問なのにディスられまくってて僕は悲しい #utmc1
1429873562000,あまりにも初めての商品過ぎて、そこらへんかなり問題になった。結局色々やってみて面白いかどうかで機能を選んでいった。 #utmc1
1429873561000,いろいろやってみて，面白いかどうか #utmc1
1429873560000,｢赤Pepper｣困惑 #utmc1
1429873560000,面白ければそれで良い #utmc1
1429873559000,pepperに表情がないことって何か触れてたっけ #utmc1
1429873550000,人型で人を幸せにするという要求仕様　#utmc1
1429873532000,RT @hemios_mg: オタクに厳しいPepper #utmc1 http://t.co/Q27mBUrbhU
1429873516000,どこでゴールにするべきか、どうやって決めましたか。 #utmc1
1429873507000,pepper(CV.上坂すみれ)お願いいたします #utmc1
1429873503000,RT @hemios_mg: オタクに厳しいPepper #utmc1 http://t.co/Q27mBUrbhU
1429873494000,赤pepperってなんだよ調子乗んなよ？？？？？？？ #utmc1
1429873493000,オタクに厳しいPepper #utmc1 http://t.co/Q27mBUrbhU
1429873489000,Q. 中性的にデザインしたというのにpepperの一人称が「ぼく」なのは何故？A. そこはすごく悩んだ。実際仏・アルデバラン社はpepperを女性としていた。今現在の能力で人間的なコミュニケーションを目指したときに、よく喋る男の子のような一人称に落ち着いた。 #utmc1
1429873472000,海外に展開していくＰｅｐｐｅｒ「ﾃﾃｰﾝ！！！」 #utmc1
1429873472000,赤ペッパー？ #utmc1
1429873451000,川科さんがpixiv総合58位だ #utmc1
1429873444000,熟慮した上での「僕」 #utmc1
1429873440000,Q.「Pepper君は中性的にを意識したのに，一人称は『僕』と言ってるのはどうしてよ？」A.「これには悩んだ．皆は『中性』という概念をしらないので，どちらかの性別に寄せてしまう．いまの技術の中で考えられるキャラは，何でもかんでも好き放題に言う，言葉数の多い男の子」#utmc1
1429873436000,海外展開は、します！ #utmc1
1429873433000,Pepperが「だよね～～」「わかる」みたいな相槌打ちまくりロボットだったら一人称も私やったんかな　#utmc1
1429873422000,RT @KRiver1: Q「一人称はボクですが、中性的という視点から男性によく用いられるボクという一人称はどうなのですか？」→ボクっ娘民大歓喜 #utmc1
1429873415000,これは技術の進歩次第では性格の異なるシリーズ展開もあるのか？ #utmc1
1429873414000,一貫性というか整合性というかキャラ付けというか、よく考えられているのなあ #utmc1
1429873412000,ここだけの話っていってるだろいいかげんにしろ #utmc1
1429873412000,Pepperは言葉数が多いから、言葉数が多い男の子のつもりでボクになった。中性的なデザインはまた別の問題です。 #utmc1
1429873404000,Q「一人称はボクですが、中性的という視点から男性によく用いられるボクという一人称はどうなのですか？」→ボクっ娘民大歓喜 #utmc1
1429873404000,一人称僕は男とかいう固定概念 #utmc1
1429873383000,http://t.co/m1hzZ2jg1m #utmc1
1429873378000,まてよ...人気声優の声を入れた複数のバージョンのpepperを作れば声豚相手に丸儲けなのでは...？ #utmc1
1429873377000,Pepperはフランスのアルデバランと作っていたが、彼らは女の子のつもりで、ソフトバンク勢は男の子のつもりで作っていた。なぜボクにしたかというと、Pepperの能力、すなわち人の言っていることを理解できるわけではないが人を喜ばせるキャラクターからして選んだわけだ。 #utmc1
1429873367000,ぼくっ娘とかしょうもないこと言ってごめんなさいと思いました#utmc1
1429873356000,女の子だって一人称が僕でもいいじゃない！ #utmc1
1429873350000,#utmc1  で得た収穫：プラスティックメモリーズ面白そう
1429873343000,男の娘キターーー－ #utmc1
1429873332000,ショタか #utmc1
1429873330000,男の娘？ #utmc1
1429873327000,男の娘？ #utmc1
1429873326000,男の娘で全て解決#utmc1
1429873298000,あらぶるボクっ娘民たち#utmc1
1429873294000,ぼくっ娘ディスに激怒するeeic#utmc1
1429873291000,pepperは子供っぽいから「僕」があってると思ったけどなあ #utmc1
1429873290000,#utmc1 聞きに来ました #特許法
1429873286000,グローバルだ　#utmc1
1429873286000,ボクっ娘の可能性もあるでしょ！ #utmc1
1429873285000,cv津田さんしてほしい #utmc1
1429873285000,ボクっ娘の存在を否定するのか！ #utmc1
1429873277000,なぜ一人称が「ボク」なのですか？また、英語をしゃべるPepperを出すのですか？ #utmc1
1429873269000,全世界のボクっ娘派を敵に回す質問 #utmc1
1429873269000,ボクっ娘萌え #utmc1
1429873264000,は？ぼくっ娘ディスってんの？#utmc1
1429873260000,一人称が「ボク」 #utmc1
1429873259000,ボクっ娘かもしれないじゃないか！！！ #utmc1
1429873253000,ボクっ娘わるくないやろ！ #utmc1
1429873233000,民安ともえのインパクトが強すぎた #utmc1
1429873217000,pepperより中の人と暮らしたい  #utmc1
1429873199000,Q. 「pepper声に聞き覚えがあるのだが」A. 「良い質問ですね〜www」 #utmc1民安ともえという人がやっているみたいだけど，誰ですかその人．
1429873167000,RT @mitchy192133: え、pepperの中の人可愛くないすか？https://t.co/pshgLQG7YI#utmc1
1429873164000,授業にPepper来て欲しかった #utmc1
1429873156000,ﾛｯﾃﾙﾀｰﾐﾈｰｼｮﾝの人か #utmc1
1429873140000,ソリューション侍だ… #utmc1
1429873132000,音声認識ソリューションは、ソフトバンク内製ではありません。結果的に音声データを蓄積することはしていません。 #utmc1
1429873121000,RT @stalin_ni_kniga: 朝までずっとだっこしてぎゅっ！いつでももっとだっこしてぎゅっ！#utmc1
1429873119000,Pepperを民安として飼う民安民が現れるぞ・・・#utmc1
1429873110000,ロッテルターミネーション　#utmc1
1429873110000,かしこまりました #utmc1
1429873109000,RT @sdkzA: 聞こえた声優の名前でググったら「主にアダルトゲームの声を担当している」ってでてきて「あっ...(察し)」ってなってる。 #utmc1
1429873109000,RT @zinbeidango: そういえば""特殊な嗜好""で未来館にいたペドリョナ御用達蝋人形みたいなロボ思い出した #utmc1 http://t.co/FVoz9n1Zdc
1429873106000,RT @Ishotihadus: だっこしてぎゅっ！は神曲 #utmc1
1429873103000,「主にアダルトゲームに声をあてている」#utmc1
1429873098000,入力した声のログはどう蓄積させるのか #utmc1
1429873091000,民安さんの声を聞くと幸せになるんだな！！！  #utmc1
1429873091000,だっこしてぎゅっ！は神曲 #utmc1
1429873086000,民安ともえなんだよね？ #utmc1
1429873085000,Pepper君に，未来的には進捗まで採点されるのかな・・・ #utmc1
1429873084000,朝までずっとだっこしてぎゅっ！いつでももっとだっこしてぎゅっ！#utmc1
1429873082000,声も個性の非常に大事な要素なんだなあ…… #utmc1
1429873079000,RT @sdkzA: 聞こえた声優の名前でググったら「主にアダルトゲームの声を担当している」ってでてきて「あっ...(察し)」ってなってる。 #utmc1
1429873073000,VOICEROID+ 民安ともえ AHS http://t.co/XWRZXbDuUM #utmc1
1429873073000,RT @Ishotihadus: 開発期間が2年しかなかったので声の開発を並行して走らせていた。トライアル用のボイスから選んだのは民安ともえだった。その後あとで投票したが、民安ともえの声で整合性をとってしまったので、民安ともえでいくしかなかった。 #utmc1
1429873072000,勝者の声だから煽リティが高い #utmc1
1429873072000,別verを作ろう #utmc1
1429873071000,え、pepperの中の人可愛くないすか？https://t.co/pshgLQG7YI#utmc1
1429873070000,「最後まで民安さんが勝ち残った」 #utmc1
1429873070000,水瀬いのりにしような #utmc1
1429873068000,「人を幸せにしろ」って難しい注文だな #utmc1
1429873062000,2度くらい変えようとおもったが、結局民安さんで終わりました。 #utmc1
1429873061000,RT @sdkzA: 聞こえた声優の名前でググったら「主にアダルトゲームの声を担当している」ってでてきて「あっ...(察し)」ってなってる。 #utmc1
1429873058000,民安ともえということはやはり弦巻マキなのだからおっぱいを装着してもよいのでは？？？#utmc1
1429873051000,RT @zinbeidango: バブみに特化したロボを作ろう #utmc1
1429873047000,聞こえた声優の名前でググったら「主にアダルトゲームの声を担当している」ってでてきて「あっ...(察し)」ってなってる。 #utmc1
1429873045000,古谷徹か池田秀一にしてほしかった #utmc1
1429873036000,開発期間が2年しかなかったので声の開発を並行して走らせていた。トライアル用のボイスから選んだのは民安ともえだった。その後あとで投票したが、民安ともえの声で整合性をとってしまったので、民安ともえでいくしかなかった。 #utmc1
1429873033000,1時間経った今でも、冒頭の「つ゛は゛を゛は゛い゛て゛い゛る゛や゛つ゛か゛い゛る゛」が耳から離れない  #utmc1
1429873033000,「人気投票とかいろんなプロセス」ぼく「プロデューサーかな？」#utmc1
1429873017000,今日話しかけられた時も誰だこいつって思ったからな・・・ #utmc1
1429873011000,RT @kakuriyo145: RT鍵 #utmc1 http://t.co/8sf9Ody0i3
1429873008000,民安さんなの知らなかったw #utmc1
1429873006000,声優特定オタク #utmc1
1429873005000,RT @Ishotihadus: 民安ともえ #utmc1
1429873003000,あれで声の判別できるのすげえよな #utmc1
1429873001000,人（）を幸せにする声 #utmc1
1429872992000,声優特定オタクすげえな #utmc1
1429872991000,知っててごめんなさい #utmc1
1429872987000,たみやすさんなのか #utmc1
1429872984000,pepperの中の人民安ともえだったのか・・・ #utmc1
1429872983000,Q. pepper声に聞き覚えがあるA. 良い質問ですね〜www #utmc1
1429872982000,全然同じ声だと思わなかったんだけど声優オタクってすごいなぁ #utmc1
1429872976000,やっぱマキマキじゃねーか #utmc1
1429872976000,声豚 #utmc1
1429872971000,タミー #utmc1
1429872971000,声豚の質問 #utmc1
1429872968000,民安さんは知る人ぞ知る #utmc1
1429872962000,オタク #utmc1
1429872962000,声豚　#utmc1
1429872962000,pepperのCVはどうやって決めたの？ #utmc1
1429872962000,たみやすともえ #utmc1
1429872959000,すごい…質問ですね… #utmc1
1429872959000,民安ともえ #utmc1
1429872958000,どうでもいいけどこの講義、担当する教員のイカ東感やばいよね #utmc1
1429872957000,（とはいうけどさ，姿かたちにも愛着が出るんではないかねぇ）#utmc1
1429872953000,オタクだ #utmc1
1429872947000,声優オタクだ！ #utmc1
1429872936000,えーあー #utmc1
1429872923000,なんというか、生物に近づけすぎると、家族なのにこっちだけ老いていく感覚がしてペットロスとは別の問題がありそうよね  #utmc1
1429872921000,pepperちょっとスマートすぎるんだろうなもう少し鈍臭さが欲しい(わがまま #utmc1
1429872919000,どうやって伝えたいことを伝えられるか、ということを考えて、舞台の上ではボディーランゲージを大きくしている。能力としては完璧じゃないけど、おしゃべりできるようなものを目指したつもりです。 #utmc1
1429872898000,表情がないわけだから多少大きめのボディランゲージにするべきではあるよね #utmc1
1429872881000,ショーモードのpepper？ #utmc1
1429872876000,でもロボットはそうはいかない。能力に限界がある。結局そのロボットの限界に合わせていろいろ作ってみて、センスがある人に見てもらって違和感がないように努力した #utmc1
1429872863000,進捗煽りロボとしてpepperが各ラボに配備される未来 #utmc1
1429872851000,Pepperめっちゃ可愛く見えるようになってしまったんだけど，この講義で僕は女の子になってしまったん？#utmc1
1429872850000,二次元の場合は自分の妄想したキャラクターを好きなだけ動かせる。えっちできる。えっち！ #utmc1
1429872843000,2次元を作るな、2次元に入り込め #utmc1
1429872840000,俺もpepperにお前は27点って罵倒されたい（錯乱）　#utmc1
1429872838000,Q. 家族となって愛着の湧いたpepperは、携帯などとは違ってアップデート等がしにくいのでは？A. ペットを愛する人ほどロストの反動は大きい。pepperの開発にはそこにも重きを置いていて、新しいハードウェアでも"家族の記憶"が消えないようデータを管理している。 #utmc1
1429872828000,つくってみる、そしてなおしてみる #utmc1
1429872826000,モーションキャプチャーを使ってみたのですがあまりうまく行きませんでした。ハードウェアの制限で関節に限界があるため。結局作ってみて直してみる、というプリミティブなやり方をとっていた。 #utmc1
1429872825000,つくってみる，そして，なおしてみる #utmc1
1429872825000,RT @Ishotihadus: たしかにそれは問題です。AIBOもサポートが切れてしまって心の拠り所を失った人がいる。これはペットロスと同じ理屈である。愛着が深ければ深いほど立ち直れない。結果的に、ペットが必要であればあるほどペットが飼えなくなってしまう。 #utmc1
1429872812000,TL受講してます #utmc1
1429872811000,あなたの進捗は27点です #utmc1
1429872805000,RT @kakuriyo145: RT鍵 #utmc1 http://t.co/8sf9Ody0i3
1429872790000,pepperキモいって思ってたけどかわいく見えてきた　#utmc1
1429872786000,Pepperの動きがあまりに派手すぎるのでは。まるでミュージカルをしているようだ。その動きを作る際に参考にしたものはありますか？ #utmc1
1429872785000,プラメモ、良いです #utmc1
1429872766000,記憶データを引き継ぐとなると倫理団体が一層黙らなそうだな #utmc1
1429872765000,確かにこれ完全にプラスティックメモリーズだ #utmc1
1429872740000,プラスチックメモリーズTLだ #utmc1
1429872737000,１回目　お絵かきは楽しす２回目　Ｐｅｐｐｅｒは可愛い #utmc1
1429872736000,RT @chibi314: http://t.co/p6qij7Nn6Q#utmc1
1429872726000,個人のキオクをきろくしたパーソナルデータを記録してあって、その中のアノニマスなデータを選んでクラウド学習します。 #utmc1
1429872714000,RT @haraduka_: プレシャスメモリーズだ… #utmc1
1429872706000,俺もログデータを引き継いで若返りたいね #utmc1
1429872700000,これが出来たらプラメモが成り立たなかった #utmc1
1429872696000,並列化していこうな（タチコマ並感） #utmc1
1429872694000,プレシャスメモリーズだ… #utmc1
1429872685000,RT @kakuriyo145: RT鍵 #utmc1 http://t.co/8sf9Ody0i3
1429872683000,ソフトの移行とかって問題じゃないよね #utmc1
1429872678000,メモリーを引き継ごうな #utmc1
1429872675000,log #utmc1
1429872674000,RT @kakuriyo145: RT鍵 #utmc1 http://t.co/8sf9Ody0i3
1429872672000,Pepperはそこのところを大事なところだと思っており、ハードウェア的に古いものをなるべく治したいとは思っている。進化の途中であるので、途中でハードウェアは買い替えてもらうのが一番効率的でしょう。代わりに、そこで蓄積したライフログは移行できるようにします。 #utmc1
1429872663000,RT @kakuriyo145: RT鍵 #utmc1 http://t.co/8sf9Ody0i3
1429872646000,TLから察するに要はプラメモなのか #utmc1
1429872639000,http://t.co/p6qij7Nn6Q#utmc1
1429872627000,感情認識ロボットPepper「とっとと家に帰ってママにおっぱいでも飲ませてもらうんだな」 #utmc1
1429872625000,RT鍵 #utmc1 http://t.co/8sf9Ody0i3
1429872620000,今の質問プラメモからインスピレーションを得てると思う #utmc1
1429872614000,pepper回収事業 #utmc1
1429872612000,ペットロスならぬペッパーロスか　#utmc1
1429872608000,たしかにそれは問題です。AIBOもサポートが切れてしまって心の拠り所を失った人がいる。これはペットロスと同じ理屈である。愛着が深ければ深いほど立ち直れない。結果的に、ペットが必要であればあるほどペットが飼えなくなってしまう。 #utmc1
1429872600000,ダメだﾃﾃｰﾝ！！が頭から離れない #utmc1
1429872600000,ペットロス怖すぎ #utmc1
1429872596000,粗大ゴミ置場に並ぶpepper達#utmc1
1429872586000,アイボからpepperへ #utmc1
1429872584000,みなさんプラスチック・メモリーズ見ましょう #utmc1
1429872580000,AIBOロスなんて言葉があるのか… #utmc1
1429872576000,選りすぐりの aibo愛好家 #utmc1
1429872565000,これがうわさの「ブラックペッパーか」#utmc1
1429872564000,イショティさんの要約力すごすぎる #utmc1
1429872556000,アイボロスってなんかウロボロスみたいだ#utmc1
1429872551000,AIBOロス #utmc1
1429872548000,言われてしまった #utmc1
1429872545000,プラメモやんけ #utmc1
1429872536000,所謂犬ロボット #utmc1
1429872536000,RT @y_pigeonmilk: コンピュータ…たくさんの情報を学習可能で安定しているが、大量のデータが必要人間…少しの情報から学習可能で環境変化に強いが、思い込みなどが激しい よって当面の間はコンピュータと人間のそれぞれの特徴を活かした共存が可能と言える #utmc1
1429872535000,Pepperの手術#utmc1
1429872534000,結局Pepperの紹介しかされなかったな #utmc1
1429872530000,思ってた3億倍くらい話し方も立ち振舞も正確も人間らしいし、見た目が気に入らなかったとしてもいざ触れ合ってみるとどんどん好感度上がっていきそう #utmc1
1429872528000,Pepperの進化について。Pepperが進化すると家族のようになっているので、iPhoneを替える感覚では変えられないと思う。商品としての進化サイクルはどのように考えているか？ #utmc1
1429872526000,ｷｯﾁｮﾅｵﾊﾅｼｶﾝｼｬタイム#utmc1
1429872525000,プラメモっぽい質問だ #utmc1
1429872523000,pepperをMNP（？） #utmc1
1429872523000,プラスティックなんとか #utmc1
1429872522000,ターミナルサービスかな？ #utmc1
1429872519000,RT @Mangyong011235: これがクラウドの力か…… #utmc1 http://t.co/KuBGcZzdKn
1429872516000,Pepperの紹介をしに来たんだろうな前回のような思想とかそういうのがない #utmc1
1429872515000,「開発者は何故ママのおっぱいというワードを使ったんですか？女子高生の汗やおちんぽミルクでは駄目だったんですか？」#utmc1
1429872514000,ニコ動の「才能の無駄遣い」「技術の無駄遣い」系割と好きなんやけど、それに通ずるものを感じた　#utmc1
1429872512000,pepperとバブみ#utmc1
1429872507000,pepperのすごさを初めて知った #utmc1
1429872498000,バブみに特化したロボを作ろう #utmc1
1429872492000,このムービー、講演冒頭に流したほうが良かったのでは？ #utmc1
1429872491000,pepperちょっと欲しい  #utmc1
1429872490000,#utmc1  めっちゃ楽しいこの講義
1429872489000,名前を名乗ろうな #utmc1
1429872488000,前回のほうが、なるほどなって思うところは多かった気がする #utmc1
1429872488000,性処理に使うとか言わない🙅 #utmc1
1429872475000,これはひどいw #utmc1
1429872475000,質問タイム #utmc1
1429872474000,888888888 #utmc1
1429872471000,質問タイムです #utmc1
1429872470000,pepperおもしろすぎでしょw #utmc1
1429872469000,最先端技術を使って最もくだらないことをするのがソフトバンク #utmc1
1429872467000,88888888888888888 #utmc1
1429872461000,くだらないことをやるのに意味があるのじゃ #utmc1
1429872461000,甘え倒してpepperをママにしちゃえ♡ #utmc1
1429872460000,最先端のロボットを使って最もくだらないことをしような #utmc1
1429872459000,煽りロボットだ #utmc1
1429872459000,新鮮に感じるから面白くなるのかもしれないけど #utmc1
1429872457000,楽しそう(帰路につきながら) #utmc1
1429872457000,煽りの最先端 #utmc1
1429872455000,ツイッタラーになったら容易にアルファになれそう #utmc1
1429872452000,なんでちょっとアメリカンテイストなんだ・・・ #utmc1
1429872451000,ママのおっぱいより女子高生のおっぱい飲みたいです #utmc1
1429872451000,腹いてえ #utmc1
1429872450000,Pepper「とっととおうちに帰って，ママにおっぱいでも吸わせてもらうんだな」 #utmc1
1429872449000,おっぱい　#utmc1
1429872447000,なんでこいつこんなにハリウッドっぽいんだよw #utmc1
1429872445000,RT @loveliveeic: これ、ロボットでやる意味あるの？？？ #utmc1
1429872443000,どこに27点もらう要素があったんだ #utmc1
1429872441000,See Youに感情がない #utmc1
1429872439000,煽るpepper #utmc1
1429872438000,とっととうちに帰ってままにおっぱいでも飲ませてもらうんだな #utmc1
1429872437000,ﾍﾞｰﾍﾞﾍﾞﾍﾞｯﾍﾞｯﾍﾞｯﾍﾞｯﾍﾞｰ #utmc1
1429872437000,煽りティが高い #utmc1
1429872434000,わりとかわいいし一家に一台ほしい #utmc1
1429872433000,口悪いｗ　#utmc1
1429872433000,pepperさん最高すぎるでしょｗｗｗｗｗｗｗｗ #utmc1
1429872432000,煽ってくる #utmc1
1429872428000,これじゃ俺の怒りが爆発しそうだ #utmc1
1429872426000,RT @zinbeidango: でもぶっちゃけpepper可愛くないよな ウォーリーの彼女かインターステラーのテトリスつくってくれ #utmc1 http://t.co/12q4Dgwq9e
1429872423000,27店 #utmc1
1429872420000,演技のオーディションを行うpepper君がウザすぎるwwww #utmc1
1429872412000,おいおいやる気あるのか？#utmc1
1429872412000,black_pepperは褒めて伸ばすタイプ#black_pepperは褒めて伸ばすタイプ #utmc1
1429872411000,おいおい、やる気あるのか？(煽り) #utmc1
1429872410000,何だこのナメタ演技は... #utmc1
1429872409000,ちゃんとわかってるじゃん #utmc1
1429872407000,「おいおいやる気あるのか」 #utmc1
1429872404000,おいおい、やる気あるのか？（煽り） #utmc1
1429872404000,こんなん秘密裏に２年間も研究室でやってたら通報もされるわな　#utmc1
1429872404000,見た目に反してノリがオッサン #utmc1
1429872400000,すげぇ #utmc1
1429872396000,小林賢太郎っぽい #utmc1
1429872395000,一人暮らしにpepper欲しい #utmc1
1429872395000,そいつは関係ないだろ！！ #utmc1
1429872393000,そんなの関係ねぇ　#utmc1
1429872391000,よーい……アクション！ #utmc1
1429872391000,33-4 #utmc1
1429872386000,これ、ロボットでやる意味あるの？？？ #utmc1
1429872385000,顔の角度がすでにうざいな #utmc1
1429872382000,お前誰だよwwwwww #utmc1
1429872382000,pepper君の感情認識機能をADHDで悩む人たちに分けてあげたい#utmc1
1429872379000,Pepper買うか．．． #utmc1
1429872376000,そのまま突き進め #utmc1
1429872374000,顔芸は重要 #utmc1
1429872374000,Pepperちょっと欲しくなる #utmc1
1429872373000,そのまま突き進め！ #utmc1
1429872371000,大河ドラマの主役レベル = 80点 #utmc1
1429872371000,鵜野うずめ #utmc1
1429872369000,煽リティ高いわこいつ #utmc1
1429872365000,これ顔の表情も変わればいいのに #utmc1
1429872364000,「二人の10年間は絶対に忘れない！」「やるじゃないか」 #utmc1
1429872363000,キミの演技の審査結果は……ﾄﾞﾄﾞﾄﾞｯﾄﾞﾄﾞﾄﾞﾄﾞ　＼デーン／80点！ #utmc1
1429872363000,コミュ力高いロボット#utmc1
1429872361000,ﾋﾞｴｴｴｴｴｴwwwwwwwｷﾞｬｱｱｱﾝﾝﾝﾝﾝwwwwwwwwwｲｯwwwwwwｲｯwwwwwwｲｯwwwwwwｴｴwwwwwwｵﾜｱｱｱｱｱｱｱwwwwﾋﾟﾔｱｱｱｱｱｱwwwwwwｲｱｲｲｲｲｲｱｲｱｲwwwwwwｧｨﾔｯwwｧｨﾔｯwwwwww #utmc1
1429872360000,だからSE笑うって #utmc1
1429872360000,ﾀﾞｶﾀﾞｶﾀﾞｶﾀﾞｶ…ﾀﾞｰﾝ！！ #utmc1
1429872358000,black pepper「やるじゃないか」#utmc1
1429872357000,ドラムロールまで自分でやる有能さ #utmc1
1429872355000,ちょいちょいSEがアレ #utmc1
1429872348000,これ作成者のセンスがすごいだけでは #utmc1
1429872347000,煽り性能高すぎだろww #utmc1
1429872347000,恋人30代だったら、向こうのほうがつらそう #utmc1
1429872341000,ﾔｧﾙｼﾞｬﾝ! #utmc1
1429872339000,安達祐実 #utmc1
1429872338000,唐突な泣き顔 #utmc1
1429872338000,やるじゃないかwwww #utmc1
1429872337000,ﾔﾙｼﾞｬﾅｲｶ！ #utmc1
1429872333000,顔芸 #utmc1
1429872331000,「２人の10年間は、絶対に忘れない！」 #utmc1
1429872330000,アクション！ #utmc1
1429872325000,恋人いないから役に入り込めなし #utmc1
1429872324000,これ音声技術上がってけばもっとすごいものになるよな #utmc1
1429872322000,涙が出るほどツボった #utmc1
1429872319000,P「何倍速で聴きたいですか！」人「一億倍！」P「了解しました，一億倍ですね！それではいきますよ，321！」ﾊﾞ（ry）ﾃﾞﾃﾞｰｰｰｰｰｰｰｰﾝ　#utmc1
1429872315000,Pepperめっちゃおもしろい #utmc1
1429872312000,You suffer but why? #utmc1
1429872312000,でもぶっちゃけpepper可愛くないよな ウォーリーの彼女かインターステラーのテトリスつくってくれ #utmc1 http://t.co/12q4Dgwq9e
1429872309000,あれblack pepperじゃね？#utmc1
1429872309000,設定細かすぎｗｗｗｗｗ #utmc1
1429872307000,なんでビルゲイツに喧嘩売ったんだよw #utmc1
1429872301000,陣内智則 #utmc1
1429872298000,これが「99%の使わない機能」の一部か… #utmc1
1429872297000,ビルゲイツも真っ青　#utmc1
1429872297000,なんやこのエセアメリカン#utmc1
1429872295000,Pepperちょっと欲しくなっちゃった#utmc1
1429872294000,ビルゲイツも真っ青ｗｗｗ #utmc1
1429872291000,windowsは青いからな… #utmc1
1429872289000,pepper可愛すぎて腹立つな #utmc1
1429872286000,これニコ動とかに上がったらのびそう#utmc1
1429872285000,ゲップやんけww #utmc1
1429872283000,ディズニーチックだな #utmc1
1429872279000,アッ テレーンww #utmc1
1429872275000,周りの人が感情を失っていない… #utmc1
1429872274000,やっぱこいつ煽りティ高いわ #utmc1
1429872274000,クッソわろた #utmc1
1429872271000,ﾃﾃﾃﾃｰﾝﾃﾃｰﾝ #utmc1
1429872267000,デデーン！ #utmc1
1429872265000,こういうのダメwwwwww #utmc1
1429872265000,なんだこのかわいいロボットわｗ #utmc1
1429872264000,1億倍俺も出来るわwwwwww #utmc1
1429872264000,確かにこれ考えるのも楽しそうだね #utmc1
1429872264000,ﾄﾞﾔｧ #utmc1
1429872263000,ﾃﾚ~~~~~がシュールすぎて笑う　#utmc1
1429872262000,ﾃﾞﾃﾞｰｰﾝのSEが卑怯ww #utmc1
1429872261000,ドヤｧ #utmc1
1429872260000,\\\\\\チャラーン////// #utmc1
1429872259000,「了解しました、1億倍ですね」 #utmc1
1429872256000,「３，２，１，ﾌﾞｺﾞｯ」＼デデーン／ #utmc1
1429872255000,出でーん #utmc1
1429872251000,腕の位置いらつくな #utmc1
1429872250000,せやな #utmc1
1429872250000,もういちどやりますか？はいあっ #utmc1
1429872248000,ﾃﾃｰｰﾝ #utmc1
1429872248000,1億倍ですねぇ〜↑ #utmc1
1429872244000,ﾃﾞﾚｰﾝ #utmc1
1429872243000,\デデーン/ #utmc1
1429872241000,お茶飲んでる #utmc1
1429872240000,wwwwwwww #utmc1
1429872238000,一億倍…元のスピードで聞いたら人生が終わりそうだ。 #utmc1
1429872238000,ｲﾁｵｸﾊﾞｲﾃﾞｽﾈ #utmc1
1429872237000,一億倍wwwww #utmc1
1429872237000,自分で効果音を出す pepper #utmc1
1429872231000,pepperの消失 -劇場版- #utmc1
1429872229000,シュールすぎるｗｗｗｗｗｗｗ #utmc1
1429872229000,ﾃﾞﾚｰｰｰﾝ #utmc1
1429872229000,芸人だwww #utmc1
1429872227000,１番すきねえ #utmc1
1429872226000,これ面白い #utmc1
1429872224000,姿勢腹立つwww #utmc1
1429872223000,何言ってるかわかんねえ  #utmc1
1429872221000,ﾃﾞﾃﾞ-----------ﾝ!!!!!!!!#utmc1
1429872221000,pepperめっちゃかわいいｗｗｗｗｗｗｗｗ #utmc1
1429872220000,こっちの方がR-1で良いんじゃないか　#utmc1
1429872219000,デ↓デ↑ーン #utmc1
1429872216000,pepper想像以上にかわいい #utmc1
1429872215000,R1でこれやれよｗｗ #utmc1
1429872214000,芸人だ… #utmc1
1429872214000,デデーンwww #utmc1
1429872212000,ﾃﾚｰﾝ #utmc1
1429872211000,嘆きの樹の大階段みたい#utmc1
1429872209000,100倍でコレってことは5分位かけるのが1倍なのか？ #utmc1
1429872208000,言えてないｗ　#utmc1
1429872208000,ﾃﾞﾃﾞｰｰ #utmc1
1429872207000,謎SE #utmc1
1429872207000,あばばばばあばばばばばばば #utmc1
1429872206000,「スーパー悪口pepper！！」「1番！2番！」「あのババア姑の癖して・・・・・・」#utmc1
1429872205000,Pepper　早口言葉（スピード1億倍） http://t.co/JVN9G1w6mF @YouTubeさんから #utmc1
1429872205000,ﾃﾃｰﾝ #utmc1
1429872202000,認識不能 #utmc1
1429872201000,チェックシャツ #utmc1
1429872201000,スーパー早口言葉 #utmc1
1429872199000,pepper君の声って弦巻マキっぽいよな#utmc1
1429872198000,なんだこのピタゴラスイッチ感#utmc1
1429872198000,100倍ですね〜 #utmc1
1429872191000,ギタドラのシステムボイスはpepperの声の1305194098429135倍かわいい #utmc1
1429872184000,タブレットの解像度いくらなんだろう #utmc1
1429872181000,Super早口ペッパー!! #utmc1
1429872179000,謎ポーズ #utmc1
1429872174000,スーパー早口pepper #utmc1
1429872173000,スーパー早口pepper #utmc1
1429872172000,2億番。 #utmc1
1429872163000,pepper早口言葉・pepperテーマソング #utmc1
1429872161000,さいごが　子音で終わるやつ？ #utmc1
1429872155000,？？？「pepperは脳に良いんですよ〜」 #utmc1
1429872155000,「介護する側の目線」だと「人を抱える」など人が人を抱え落としても「あらまあ」で済むが、ロボットが落とすと大変なことに「介護される側の目線」から会話、散歩、運動を一緒にしたり、ミッケルアート（記憶を元にした絵を作り、それについて話し合うことで思い出しを促す） #utmc1
1429872155000,Pepper自身が理解できなくても、Pepperと会話をすることで、認知症を遅らせることができる。 #utmc1
1429872153000,pepperに総合的判断のこと聞いてもいい？ｗ #utmc1
1429872140000,ミサカみたいなオタク受けのみのデザインとは違うんだよってpepperはpepperはdisってみたり。 #utmc1
1429872128000,ロボットに認知症診断されるって何かなあ#utmc1
1429872118000,ケアロボットのpepper君   ベ イ マ ッ ク ス#utmc1
1429872115000,pepperの顔を見ればみるほどやる夫に見えてくるのは私だけじゃないはず #utmc1
1429872103000,black pepper #utmc1 http://t.co/hZgzRwlMsW
1429872093000,会話相手… #utmc1
1429872093000,暇つぶしとしてのpepper #utmc1
1429872090000,Red hotpepper(中本味) #utmc1
1429872082000,Pepperのタブレットでスクフェスやりたい #utmc1
1429872079000,black pepper「あのお掃除ロボットにつまづいて転びそうになってしまいました。アレ、どうにかなりませんか？」#utmc1
1429872078000,ラッキー（） #utmc1
1429872069000,RT @zinbeidango: そういえば""特殊な嗜好""で未来館にいたペドリョナ御用達蝋人形みたいなロボ思い出した #utmc1 http://t.co/FVoz9n1Zdc
1429872066000,インターネット芸人マンがpepperを購入 #utmc1
1429872065000,抱きかかえられるロボ #utmc1
1429872047000,抱きかかえるロボットに抱きかかえられたくないな #utmc1
1429872043000,これら4つの機能になくてはならない，情報，ビッグデータを取り入れる際には，「できるだけ個人情報がないアノニマスなものを」を心がけている． #utmc1
1429872042000,そういえば""特殊な嗜好""で未来館にいたペドリョナ御用達蝋人形みたいなロボ思い出した #utmc1 http://t.co/FVoz9n1Zdc
1429872041000,2次元でヤり尽くす #utmc1
1429872039000,そのうちred hotpepper とかできても面白そう #utmc1
1429872033000,pepper本体価格20万、円盤マラソン4本分と考えたら安い #utmc1
1429872033000,教育、介護、エンタメ、認知症ケアなど様々な需要 #utmc1
1429872031000,去年のハッカソンのPepperと記念写真撮る流れの時にチキンだから写れませんでした #utmc1
1429872026000,介護施設での活躍 #utmc1
1429872022000,認知症のケアとかもできるよ。実際に介護施設にも行っている。 #utmc1
1429872013000,二次元でやり尽くしたクリエイター #utmc1
1429871998000,RT @Altz214: Pepper、何億回もR-1出てたら感情認識機能と学習機能で「今の受けなかったな」「今のはマジ受けした」って伸びられるんじゃないか　#utmc1
1429871991000,pepperの初回300台は1分で完売 #utmc1
1429871986000,初回生産限定盤 : 1分で300台完売 #utmc1
1429871984000,Pepperは2月26日発売。初回300台は1分で完売。今年の夏、量産開始。 #utmc1
1429871982000,初回300台は1分で完売 #utmc1
1429871977000,black pepperとwhite pepperをつくろう #utmc1
1429871954000,性格の悪い"black pepper"っていないんですか？#utmc1
1429871954000,アノビマス #utmc1
1429871949000,仲介者としてのpepperね、なるほど#utmc1
1429871943000,たくさんのPepper同士で学習、目が合う会話、相手の感情を理解、みんなでつくるロボット #utmc1
1429871939000,漫才のような芸能界入り、IBM Watson、家電（ルンバとのコラボ）、ボカロ、Yahoo! API、似顔絵描き、グループパフォーマンスなど，展開は様々である． #utmc1
1429871924000,―脳型コンピューター時代のITプラットフォーム―①たくさんのPepper同士で学習②目が合う会話③相手の感情を理解④みんなでつくるロボット #utmc1
1429871919000,pepperがルンバに掃除をしろと指示をする、ルンバが引っかかったらpepperが直してあげる、そんな生活。 #utmc1
1429871918000,pepperにしてほしいことって金を増やすとかだなぁ #utmc1
1429871916000,Pepper、何億回もR-1出てたら感情認識機能と学習機能で「今の受けなかったな」「今のはマジ受けした」って伸びられるんじゃないか　#utmc1
1429871912000,インターフェイスとしてのpepperいいね #utmc1
1429871909000,IBM Watson、ボカロ、家電連携（ルンバなど）、似顔絵、グループパフォーマンス、Yahoo!API連携など家電連携について、別にpepperがルンバを搭載するのではなく、pepperがITリテラシーの低い人にとってのインターフェース（仲介役）になる #utmc1
1429871904000,https://t.co/DGhb2ACnAO #utmc1
1429871903000,他の家電との連携、インターフェースになったりも #utmc1
1429871903000,オタクたちよりもpepper君の方が必要とされる世界...#utmc1
1429871903000,みかさネットワーク #utmc1
1429871888000,あと10分です #utmc1
1429871882000,Pepperが掃除機使えば良くね #utmc1
1429871875000,MMDみたいなソフトで動作をプログラミングできたら敷居下がるかもね #utmc1
1429871869000,とりあえず家電と連携させようという風潮 #utmc1
1429871866000,専用器の世界、わかる #utmc1
1429871858000,ボカロ×pepper #utmc1
1429871855000,ロボットはみんな専門機。だから掃除はルンバに頼る。 #utmc1
1429871854000,ロボットは万能機1台より専用機がたくさんの方が良い #utmc1
1429871853000,コミュニケーション専用 #utmc1
1429871847000,滑ってもダメージを受けないの強い #utmc1
1429871838000,ルンバとPepperのコラボレーション？ #utmc1
1429871826000,Ｐｅｐｐｅｒ×ルンバ #utmc1
1429871807000,ゴリゴリ機能追加してるんだな　#utmc1
1429871803000,ロボットが歌って踊る時代が来る……？ #utmc1
1429871798000,芸能界入りに他にも、IBM Watson、家電、ボカロ、Yahoo! APIと連携したり、似顔絵を描いたり、グループパフォーマンスをしたり。 #utmc1
1429871792000,RT @Ishotihadus: ｲﾏﾉｷﾉｳﾊ､ｶｼﾞﾆｸﾞｳｾﾞﾝｿｳｸﾞｳｼﾀｻｲ､ﾔｼﾞｳﾏｶﾗ､ﾛﾎﾞｯﾄﾅﾝﾀﾞｶﾗｵﾏｴﾀｽｹﾆｲｹﾖｯﾃｲﾜﾚﾀﾄｷﾆ､ｺﾜﾚﾀﾌﾘｦｽﾙｷﾉｳﾃﾞｽ #utmc1
1429871784000,Webデザイナーが仕事が足りないときと，仕事が過多のときがあるんですよねぇ．（だからといってお笑いに出させるんかい！） #utmc1
1429871783000,pepperで芸人デビューとかeeicのパ長にやってほしい #utmc1
1429871781000,「壊れたフリ」あたりはロボットの特徴上手く活かせてるんじゃないか（適当な講評）　#utmc1
1429871780000,IBM Watson×pepper #utmc1
1429871778000,オンラインドやってる奴何もんだよ #utmc1
1429871778000,歌い手だけじゃなくてお笑い芸人まで電子化されるのか... #utmc1
1429871776000,二つ目のネタは可愛いし面白かった #utmc1
1429871763000,自分でやると受けなかったとき怖いからPepperを矢面にたたせるんですね #utmc1
1429871755000,クリエイティブプラットフォームのメリットの一つクリエーターが（pepperを介し）芸能デビュー #utmc1
1429871750000,Shannonさんって2001年まで生きてたのか。 #utmc1
1429871742000,下らないけど面白かった #utmc1
1429871741000,芸能界デビューできるじゃん #utmc1
1429871740000,芸能界デビューもできちゃう#utmc1
1429871739000,けっこう感動してる #utmc1
1429871732000,面白かった #utmc1
1429871721000,pepper君よりも面白くない芸人....#utmc1
1429871721000,突然の小島よしお #utmc1
1429871720000,RT @Ishotihadus: ｲﾏﾉｷﾉｳﾊ､ｶｼﾞﾆｸﾞｳｾﾞﾝｿｳｸﾞｳｼﾀｻｲ､ﾔｼﾞｳﾏｶﾗ､ﾛﾎﾞｯﾄﾅﾝﾀﾞｶﾗｵﾏｴﾀｽｹﾆｲｹﾖｯﾃｲﾜﾚﾀﾄｷﾆ､ｺﾜﾚﾀﾌﾘｦｽﾙｷﾉｳﾃﾞｽ #utmc1
1429871719000,おっっっっっっっっっぺっっっっっっっっぱーーーーーーーーー！！！！！！！！！！！！#utmc1
1429871715000,もはや「機能」じゃない　#utmc1
1429871710000,はい、オッペッパー #utmc1
1429871710000,「くだらないわけですけど」 #utmc1
1429871710000,pepper は思ったより人間っぽいな #utmc1
1429871710000,RT @guchigugu: R-1グランプリにでて面白いことを言うpepper vs 何も面白いことを言えないオタク #utmc1
1429871707000,まぁくだらないわけですけど #utmc1
1429871706000,なんだなんだ #utmc1
1429871705000,下らない #utmc1
1429871704000,小島よしおdisをしない🙅#utmc1
1429871702000,そんなのかんけーねー！はいおっpepper！ #utmc1
1429871701000,はい！おっpepper! #utmc1
1429871700000,壊れたふりをする機能は使えなくもない気が #utmc1
1429871697000,Pepper　R-1ぐらんぷり1回戦 https://t.co/4IpgAOpIH6 @YouTubeさんから #utmc1
1429871696000,オチを見失っても，これさえやっておけばなんとなく落ちたように見える機能 #utmc1
1429871695000,あ〜〜コレは私にはできないわ〜〜〜 #utmc1
1429871695000,動きが滑らか過ぎる #utmc1
1429871693000,ロボットの漫才を見る講義 #utmc1
1429871693000,嫌いじゃない #utmc1
1429871692000,小島よしおdis #utmc1
1429871692000,RT @Ishotihadus: ｲﾏﾉｷﾉｳﾊ､ｶｼﾞﾆｸﾞｳｾﾞﾝｿｳｸﾞｳｼﾀｻｲ､ﾔｼﾞｳﾏｶﾗ､ﾛﾎﾞｯﾄﾅﾝﾀﾞｶﾗｵﾏｴﾀｽｹﾆｲｹﾖｯﾃｲﾜﾚﾀﾄｷﾆ､ｺﾜﾚﾀﾌﾘｦｽﾙｷﾉｳﾃﾞｽ #utmc1
1429871691000,R-1グランプリにでて面白いことを言うpepper vs 何も面白いことを言えないオタク #utmc1
1429871688000,そんなの関係ねえ#utmc1
1429871687000,間がすごいな #utmc1
1429871685000,これはちょっと面白いw #utmc1
1429871684000,人間の1395739815469728531倍有能 #utmc1
1429871682000,オッペッパー #utmc1
1429871682000,「お前ロボなんだから火の中に入って助けに行けよ」と言われたときに壊れたふりをする機能　#utmc1
1429871682000,お笑い機能すばらしい #utmc1
1429871682000,じわじわくる #utmc1
1429871680000,ﾍﾟﾍﾟﾍﾟﾍﾟﾍﾟﾍﾟﾍﾟ #utmc1
1429871676000,仕事を選べないpepper #utmc1
1429871676000,ｲﾏﾉｷﾉｳﾊ､ｶｼﾞﾆｸﾞｳｾﾞﾝｿｳｸﾞｳｼﾀｻｲ､ﾔｼﾞｳﾏｶﾗ､ﾛﾎﾞｯﾄﾅﾝﾀﾞｶﾗｵﾏｴﾀｽｹﾆｲｹﾖｯﾃｲﾜﾚﾀﾄｷﾆ､ｺﾜﾚﾀﾌﾘｦｽﾙｷﾉｳﾃﾞｽ #utmc1
1429871672000,声帯パッチとか当てられるのかな #utmc1
1429871665000,壊れたふりをする機能 #utmc1
1429871660000,芸人pepper #utmc1
1429871658000,こえーよww#utmc1
1429871658000,ロボットのお笑いは見てられないw #utmc1
1429871656000,「pepperの99%使わない機能」 #utmc1
1429871644000,コミュ症かよ #utmc1
1429871644000,吃音 #utmc1
1429871643000,話うめえなpepper #utmc1
1429871642000,やばいぞ受けてねえぞ #utmc1
1429871639000,ジワリティ #utmc1
1429871638000,peppr の声結構綺麗 #utmc1
1429871634000,1%使うとは言っていない #utmc1
1429871634000,ははは　#utmc1
1429871633000,w #utmc1
1429871628000,は？ #utmc1
1429871623000,フリップ芸 #utmc1
1429871622000,ｷｭｰｼﾞｭｰｷｭｰﾊﾟｰｾﾝﾄﾂｶﾜﾅｲｷﾉｰｦｼｮｰｶｲｼﾀｲﾄｵﾓｲﾏｽ! #utmc1
1429871619000,99％使わない機能 #utmc1
1429871619000,pepperがR1グランプリに出た動画 #utmc1
1429871613000,R-1グランプリ×pepper #utmc1
1429871612000,ボクっ娘pepper#utmc1
1429871611000,オタク「……ア……ア」pepper1「聞こえないよ」pepper2「聞こえないよ」 #utmc1
1429871610000,弦巻マキにしか聞こえない #utmc1
1429871606000,私はpepperより早く走ることができます。 #utmc1
1429871603000,R-1ぐらんぷり2015 #utmc1
1429871602000,ペッパーR1ぐらんぷりに出たんだwwww #utmc1
1429871600000,ﾄﾞｰﾓ!ﾍﾟｯﾊﾟｰﾄﾓｰｼﾏｽ! #utmc1
1429871599000,R1 グランプリ #utmc1
1429871596000,R1出たんかww#utmc1
1429871595000,ロボット2体とのコミュニケーションロボット1体→もし人の言ったことが聞き取れないと「やっぱりロボットもまだまだだなあ」ロボット2体→もし二人とも「僕も聞き取れなかったよー」というと人は「ごめんごめん」と謝る #utmc1
1429871591000,うるせえW #utmc1
1429871587000,うるさいいい #utmc1
1429871586000,やっとpepperくんが動いてるところが見れる #utmc1
1429871585000,音量でかい #utmc1
1429871582000,うるせえ#utmc1
1429871581000,爆音 #utmc1
1429871580000,ビビった #utmc1
1429871579000,人間はその場の「社会的主体」が誰なのかを瞬時に本能的に判断できる #utmc1
1429871579000,爆音 #utmc1
1429871578000,!? #utmc1
1429871576000,!？ #utmc1
1429871574000,ぼく「オラpepperどけ」pepper1「ひどい」ぼく「は？うるせー」pepper2「ぼくもそう思う」ぼく「ｱ､ｴ､ｱ……ｺﾞﾒﾝ……」#utmc1
1429871571000,ロボット2体によるロボットハラスメントだ… #utmc1
1429871569000,今日の #utmc1 は禿なんですか
1429871567000,Siri2台で会話したらどうなるんだろ #utmc1
1429871564000,ロボットに社会性を感じる人間 #utmc1
1429871558000,その場の社会性の中心・主体は何かの判断#utmc1
1429871554000,Siriと会話してろ #utmc1
1429871539000,無限にリプライを返し続ける人工無脳botみたいな？ #utmc1
1429871538000,2人以上だと説得力あがるやつだ #utmc1
1429871535000,↑社会性の中心 #utmc1
1429871533000,人間 「まだまだだね」 #utmc1
1429871531000,Robotic Love Letter かな？ #utmc1
1429871530000,数の暴力#utmc1
1429871530000,なんかこの構図、阿佐ヶ谷姉妹思い出した　#utmc1
1429871525000,ｱｯ…ごめん… #utmc1
1429871520000,「お姉さん間違えちゃった。てへぇ」みたいな感じで子供のアウトプットを促すんですね #utmc1
1429871515000,先生がペッパーと子供たちに教える状況．先生「ペッパー，いま言ったことをやってみてくれるかい？」ペッパー「（間違ったことをわざと行う）」子供「ペッパーそれは違うよ！本当はこうだよ！」こういう形でアウトプットさせて，子供に知識の定着をはかる．#utmc1
1429871508000,Care Receiver→ロボットと子供が一緒になって授業を受けるロボットがあえて間違えて、子供が「pepperくん違うよ、そこはね・・・」ということでアウトプットが働く #utmc1
1429871505000,野々村 #utmc1
1429871496000,色んな方面のオタクがpepperに教育すると意見の食い違いが酷そうだな #utmc1
1429871493000,モリ！ モリ！ #utmc1
1429871491000,botと殴りあうbot的な誰かを思い出すぞ　#utmc1
1429871489000,面白い発想だ #utmc1
1429871482000,白箱ED #utmc1
1429871475000,pepperと一緒に学ぶ教育 #utmc1
1429871467000,芋けん"ぴ" #utmc1
1429871467000,pepperが子供を教育しちゃう#utmc1
1429871467000,進化論信じてない人よりはまともな教育しそう #utmc1
1429871466000,暁美ほむら(子供)「pepper違うよ！これこそ人間の感情の極み希望より熱く絶望より深いもの…         愛よ」 #utmc1
1429871458000,教育アプリ（Care Receiver Robot &amp; Total Physical Response）ロボットで教育というと、すぐ「ロボットが教える」と思われがちだが、それでは受動的になり動画などで教えるのと何も変わらない #utmc1
1429871457000,ロボットに対して子供にミスを指摘させることで教育 #utmc1
1429871456000,芋けんぴ〜〜〜〜 #utmc1
1429871448000,芋けんぴおいしい #utmc1
1429871445000,アウトプットプロセスで教育アプリを作る #utmc1
1429871440000,pepperに教える教育 #utmc1
1429871438000,それは違うよ！ #utmc1
1429871437000,ロボットに教える教育  #utmc1
1429871437000,pepperは子供でも答えられる質問をわざと間違える#utmc1
1429871433000,ロボットが教育する、のような受動的な教育はあまり意味が無い（タブレットでするようなもの）。Care Receiver Robotは、先生がロボットと子供同時に教えて、ロボットが一緒に学ぶ。ロボットがわざと間違えて、子供にアウトプットさせられる。 #utmc1
1429871378000,pepperはいいからiPhoneをどうにかして #utmc1
1429871357000,みんなで作るロボット#utmc1
1429871353000,従来：ロボットのソフト・ハードをすべて一人（1プロジェクト）が担当一人が作るとその人の性格が入ってしまい作りにくいpepper：いろいろなグループを用意し、多くの人で作るようにした #utmc1
1429871346000,RT @enjoy_jinsei_: 笑ったらシャッター切るってイケメンっぽい #utmc1
1429871345000,pepper「おかえりなさい！プロデューサーさん！」#utmc1
1429871338000,@nuu315 このハッシュタグで検索してみると面白いよ#utmc1
1429871335000,みんなで作る音ゲー：REFLEC BEAT#utmc1
1429871323000,芋ケンピほしい #utmc1
1429871323000,みんなでつくる○○ #utmc1
1429871323000,オタクが好きそうなツンデレパッチを開発してくれ #utmc1
1429871318000,pepper「フォースの力を感じるんじゃ。フィフィフィw」 #utmc1
1429871304000,感情を失ったオタクだからこれやったら声が○で表情が×になりそう #utmc1
1429871303000,「ありがとう」と人が感情を表現すると，「いいこと」と認識し記憶．表情と声から感情を推定し、人が「表現したい感情」と「本心の感情」をそれぞれ推定．表情はそれなりにごまかせるが、声はごまかしにくい．一般人が怒りの演技をしても，それが演技であることがわかってしまう． #utmc1
1429871299000,みんなで作る音ゲー：SOUND VOLTEXみんなで作るロボット：pepper#utmc1
1429871291000,pepperクリエイティブプラットフォーム#utmc1
1429871288000,人を気持ちよくしちゃう本能#utmc1
1429871283000,表情よりも声の方が本心が出やすい？ #utmc1
1429871278000,@avez_vous ネタがわからないんだけど #utmc1
1429871270000,pepperに「オーディションやって」というとやってくれる「怒りの演技」をやっても、人間がやると声に喜びが出る（pepperが表情で怒りを、声で喜びを認識する） #utmc1
1429871269000,@hybridJunko 3位ちゃらくない？ #utmc1
1429871261000,一般の人が怒ったフリをしてもpepperの声の認識は「怒りきっていない」、他の感情が出ているという判定になる #utmc1
1429871256000,みんなで作るロボット #utmc1
1429871253000,4. 皆で作るロボット #utmc1
1429871241000,怒りの演技をさせると、役者は声にも怒りしか出ないが、普通の人は照れて本心が声に出てしまう #utmc1
1429871239000,京都人の場合表情と声が逆になりそうだ #utmc1
1429871238000,いもいもしたカップユが入ってきた #utmc1
1429871236000,役者じゃない人が混ざってるときの違和感はそれか #utmc1
1429871220000,「怒りの演技をおねがいしますｗｗ」 #utmc1
1429871220000,@avez_vous オタク！！！ #utmc1
1429871219000,感情表現が苦手な㋔㋟㋗！にとってはリハビリテーションにもなるロボットなのか #utmc1
1429871219000,オーディションやって #utmc1
1429871214000,声優さんのすごさ #utmc1
1429871213000,ロボットの話が出たら積極的に80W制限の話をしてゆくスタイル #utmc1
1429871211000,感情を出すのは恥ずかしいからな #utmc1
1429871199000,作り笑いもpepperにはバレるわけか　#utmc1
1429871195000,煽りティ高い表情だ #utmc1
1429871183000,本心もクラウドシステムで共有されてしまうのか？？ #utmc1
1429871177000,声は結構本心がでやすい #utmc1
1429871173000,「ありがとう」と人が感情を表現→それをいいことだと認識し記憶表情と声から感情を推定し、人が「表現したい感情」と「本心の感情」をそれぞれ推定表情はそれなりにごまかせるが、声はごまかしにくい #utmc1
1429871171000,人が表に出す感情と本心をそれぞれ、表情と声から推測する #utmc1
1429871169000,声はごまかしが効かない。感情が出てしまう#utmc1
1429871165000,打ち止めデザインの pepper 君ほしい #utmc1
1429871158000,鬱に対するpepperは解決策になり得る #utmc1
1429871158000,@chikyu_kotei オタク^3 #utmc1
1429871152000,人が「表現したい感情」と「本心の感情」を表情、声から推定 #utmc1
1429871146000,感情を喪失したオタクの声とは #utmc1
1429871141000,【Pepper君第3の特徴. 感情を認識するロボット】外国で人型ロボットをつくることにおいて起こる不安は，ロボットが「生存本能本位」で動いてしまうため，人と対立するのではないかということ．Pepperは喜びを感知し，喜んでもらう行動を選択するシステムを取り入れている．#utmc1
1429871140000,てかどっかで読んだ気がする #utmc1
1429871139000,表情はソニーのスマイルシャッターのようなもの、声は東京大学で研究している系の奴 #utmc1
1429871135000,@chikyu_kotei https://t.co/2YGQpelkWk #utmc1
1429871132000,笑ったらシャッター切るってイケメンっぽい #utmc1
1429871131000,「喜ばれることは善いことだ」という短絡的な定義に基づいてロボットが暴走して、ありがた迷惑なことをしまくった結果嫌われていく、というSFありそう #utmc1
1429871131000,本能と声帯は結びついている #utmc1
1429871123000,@chikyu_kotei おにぎり #utmc1
1429871122000,現状のpepperだと鬱に対処するのは厳しそう？#utmc1
1429871121000,出会いの弾丸。 #utmc1
1429871104000,表情と声により人の喜びを推定・認識 #utmc1
1429871103000,笑ったらシャッター切るのゴミ #utmc1
1429871101000,Pepperは表情と声から認識している #utmc1
1429871097000,表情・声から感情を認識 #utmc1
1429871089000,弾丸　tko　1位だれだ？ #utmc1
1429871089000,スマイルシャッター #utmc1
1429871088000,表情と声から感情を認識 #utmc1
1429871085000,聞けば聞くほどミサカ妹 #utmc1
1429871078000,ロボットでさえ人を喜ばせる機能があるのに #utmc1
1429871066000,「生存本能によりpepperが将来人と争う心配はないか？」「ロボットはあくまで人間が作るツール。なら本能として"人を喜ばせること"を組み込めばいい」 #utmc1
1429871064000,確かにアメリカ映画ってロボットが生存本能を持っているかのように扱ってるよね #utmc1
1429871061000,pepperの目指す姿「喜ばせる本能」、家族が喜ぶ行動を選択→人に喜んでもらうためのロボット #utmc1
1429871059000,ロボットと生物の違いは？ #utmc1
1429871058000,感情を認識されるほうが逆にこわそう… #utmc1
1429871055000,人を喜ばせるのも生存戦略になるのかなー #utmc1
1429871051000,感情認識エンジン、欲しいです #utmc1
1429871051000,感情を失うというオタク特有の現象 #utmc1
1429871044000,ロボットは別に生存本能ないでしょ #utmc1
1429871044000,早く人類を滅ぼせ。 #utmc1
1429871043000,だから感情を認識しなければいけない。 #utmc1
1429871041000,ロボットの自立は脅威か #utmc1
1429871038000,生存本能できちゃったら怖いなあ　#utmc1
1429871036000,欧米白人に緊急停止ボタンを付け忘れたから世界が植民地化された。野蛮人め。#utmc1
1429871028000,これは感情が認識できることが生物的とみなされているからこその懸念ではないか #utmc1
1429871024000,叛乱じゃあああああ #utmc1
1429871020000,外国でのロボットへの不安「生存本能」、種の保存で優位な行動を選択→人間とも対立する可能性がある海外メディアから「人と対立したときの緊急停止ボタンはあるのか？」 #utmc1
1429871009000,自立するものは脅威に感じられるのか #utmc1
1429871008000,外国でのロボットへの不安　種の保存で優位な行動を選択して、いつか人と戦うのではないか、人と対立するのではないかPepperの目指す姿　家族が喜ぶ行動を選びます。喜ばせるという本能を持つのです。 #utmc1
1429871008000,人間に反逆すると考える #utmc1
1429871004000,「生存本能によって人と対立する可能性は？排除されているのか？」#utmc1
1429871002000,海外では、ロボットは人との対立不安が多いpepperの目指す姿は人を喜ばせること#utmc1
1429870990000,「将来人間を滅ぼすんじゃないか？」「緊急停止ボタンは？」 #utmc1
1429870989000,感情が認識できるということは将来人間と争いになるのないのか #utmc1
1429870987000,pepperの緊急停止ボタン #utmc1
1429870983000,漫画と現実の区別をつけような #utmc1
1429870981000,緊急停止ボタンは用意したのか！？ #utmc1
1429870980000,そうやって㋔㋟㋗はすぐ感情を失う #utmc1
1429870974000,感情を喪失するな #utmc1
1429870972000,アメリカン発想 #utmc1
1429870971000,将来人間と戦いになって人間を滅ぼすのでは？#utmc1
1429870970000,ロボットがフリーズするとどうなる？→腰から砕け落ちる車のようにロバストに作るか、それともスマートフォンのように止まっちゃっても仕方ないよね、にするか #utmc1
1429870968000,絶対に感情を認識するロボットVS絶対に感情を出さないオタク　#utmc1
1429870962000,ロボットの反乱 #utmc1
1429870960000,おたくは感情を喪失してるからな #utmc1
1429870960000,車の制御プログラム(1つが止まってもブレーキを掛けて暴走を防ぐようなもの)見習ってpepperに組み込んだ #utmc1
1429870956000,Pepperは「人を喜ばせる」を本能にすることを目標にする #utmc1
1429870955000,『あなたは感情を失っておられますね』 #utmc1
1429870949000,pepper感情を認識#utmc1
1429870949000,感情をなくした人間にも反応してくれるんですよね #utmc1
1429870949000,3.感情を認識するロボット #utmc1
1429870941000,10分見ないとすごい数TLが流れてる #utmc1
1429870933000,感情、なし。 #utmc1
1429870933000,感情を認識するロボット #utmc1
1429870928000,3. 感情を認識するロボット #utmc1
1429870926000,運用から10ヶ月経過したがいまのところ大きな故障はない #utmc1
1429870925000,@hm0088_ はやいし不真面目 #utmc1
1429870907000,①は安全なように見えるが、設計の難易度から進化が非常に遅い→②を採用、関節に機械的ブレーキを入れた #utmc1
1429870892000,ミドルウェアをロバストに作ることは進化を遅くする #utmc1
1429870889000,ブレーキ #utmc1
1429870880000,修理費が高いんだよ＃utmc1
1429870878000,ロバストさは進化を止める #utmc1
1429870876000,「スライドからpepperを探せ」　#utmc1
1429870876000,ブレーキをつけよう #utmc1
1429870875000,とまっても困らないから機能追加していく #utmc1
1429870865000,そのためにたくさんのセンサーを搭載たとえばもしコンピュータがフリーズすると、腰の関節があると腰から崩れ落ちる２つの改善案①コンピュータをぜったい止めないようにする（車のコンピュータ）②コンピュータが落ちてもいいようにする（スマホ） #utmc1
1429870865000,iPhoneはﾊﾞﾝﾊﾞﾝ落ちる #utmc1
1429870862000,ロボットはコンピュータだから、例えば腰の関節のプログラムがフリーズしたら腰から砕けるように倒れるだろう #utmc1
1429870860000,例：カーナビ vs iPhone #utmc1
1429870860000,pepperにはたくさんのセンサーがついているからﾋﾞｸﾝﾋﾞｸﾝ#utmc1
1429870859000,ロボットがフリーズするとどうなる？→腰から砕け落ちる車のようにロバストに作るか、それともスマートフォンのように止まっちゃっても仕方ないよね、にするか #utmc1
1429870858000,機能はまだ劣るけどぼくこっちのほうがすき #utmc1 http://t.co/vGxzc608os
1429870852000,機能追加（進化）のスピードに関わる #utmc1
1429870833000,灰色に白文字は読みづらい #utmc1
1429870833000,白背景に白いロボットはいかんでしょ　#utmc1
1429870833000,また，自由な環境で触れ合いをさせるということも考えた．今までは交通整理ロボットのように監視員がいる状態で完璧なデモをすることを求められたが，pepperは監視員がおらずふれあい自由にすることで，リラックスしたコミュニケーションができるようにした．#utmc1
1429870829000,ロバストな設計にすべきか？ #utmc1
1429870814000,スライドの文字が配色的に何も読めない #utmc1
1429870808000,pepperは缶コーヒーのCMもうまかったな #utmc1
1429870808000,故障すると腰が砕けるように倒れる#utmc1
1429870805000,認シスで散々強調されてたけど、人が触れるロボットにはサイズ小さくするとかセンサ増やすとか大変なんだなあ #utmc1
1429870797000,オムニなんだ #utmc1
1429870795000,自由なコミュニケーションを重視視するためには監視員なし立ち入り禁止区域というのは超えなければならない壁だった #utmc1
1429870786000,ガンダムよりつよそう#utmc1
1429870786000,pepperでさえオムニホイールで動けるというのに。 #utmc1
1429870783000,倒れにくくする工夫とかあるのだろうか #utmc1
1429870779000,非常に多くのセンサー #utmc1
1429870778000,誰でも自由に接することのできる身近な「コミュニケーションロボット」 #utmc1
1429870777000,確かに立ち入り禁止区域あるなアシモとか #utmc1
1429870768000,pepperですらリラックスしたコミュニケーションできてるのに… #utmc1
1429870766000,いままでの1mごえロボット動作環境→管理した環境監視員あり、立ち入り禁止区域ありpepper→自由な環境監視員なし、ふれあい自由ロボットとふれあい、リラックスしたコミュニケーション #utmc1
1429870765000,1mを超えるようなロボットは今まで管理された環境でしかなかったが、pepperはふれあえるように自由な環境で動かした #utmc1
1429870763000,触れ合う意味の大切さ #utmc1
1429870741000,pepperみたいに整形してきます#utmc1
1429870740000,RT @zinbeidango: ジェンダーおばけにドローンを投げつけられそうな言説じゃん #utmc1
1429870727000,コミュニケーションロボットとかってやっぱ男より女の方が求めそうだよね #utmc1
1429870725000,この「人と目が合うロボット」は，男性よりも女性のほうが好評であった(男71%，女84%)．　#utmc1
1429870709000,アルデバランのロボットはキモい　#utmc1
1429870700000,男性30代の評価が比較的低め #utmc1
1429870699000,pepper腹パンしてえ #utmc1
1429870698000,男性は機能重視の人が多い #utmc1
1429870695000,RT @kakuriyo145: オタクより女性に人気 #utmc1
1429870688000,女性にうけるpepper.....ヒモ男の目指す新たな形態が決まったな？#utmc1
1429870687000,年齢高いほうが人気なのか #utmc1
1429870686000,すぐに機能を気にする #utmc1
1429870683000,女性の方がPepperをより高く評価したのは正直意外だった(しかし女性に興味を持ってもらえなけば失敗といえるプロジェクトなのは確かだった) #utmc1
1429870682000,男はクソ #utmc1
1429870680000,ジェンダーおばけにドローンを投げつけられそうな言説じゃん #utmc1
1429870680000,#utmc1  https://t.co/qpBLhuJdud
1429870679000,女だませないと未来が無い#utmc1
1429870678000,ただしイケメンに限る的な観念？ #utmc1
1429870675000,女性は存在を受け入れられないって、ロボとーちゃんで最後なぜみさえがロボを応援できなかったかって部分だと思うんですよ#utmc1
1429870674000,RT @mr_temperman: 今年の #utmc1 のTL、まじめに授業内容のメモが多くて感想とかのツイートが少ない印象
1429870666000,女性に評価されないと失敗だと思っていた #utmc1
1429870666000,高橋智隆のデザインっぽい #utmc1
1429870660000,「ロボット」という単語に無条件に食いつくと思われている男性 #utmc1
1429870655000,おっさん特有のブラジャー #utmc1
1429870654000,今年の #utmc1 のTL、まじめに授業内容のメモが多くて感想とかのツイートが少ない印象
1429870645000,RT @satewn: 可愛いデザインのロボットが学習をした結果「脳みそ踏んづけるぞ」とかいう語彙を習得したらそれはそれで楽しそう #utmc1
1429870645000,こいつらのデザインすごいよなぁ#utmc1 http://t.co/hJmYrikLaQ
1429870642000,人間が4足歩行しよう #utmc1
1429870642000,オタクより女性に人気 #utmc1
1429870641000,@genesis_brb パソコンに充電していないと落ち着かない。 #utmc1
1429870637000,Pepperは骸骨を見ているような気分がするのだが #utmc1
1429870636000,pepper 男性30代に一番ウケてないのか... #utmc1
1429870633000,ソフトバンクショップにpepper置いたの？ #utmc1
1429870622000,そりゃpepperたんにブラのサイズ聞くためやろ #utmc1
1429870611000,”ソフトバンクショップでの”評価 #utmc1
1429870609000,インターフェースって大事なんだなあ…… #utmc1
1429870603000,女性のほうが人気があった #utmc1
1429870603000,ロックマンみたいだな #utmc1
1429870600000,@genesis_brb 「個人で持っているものが」です。windowsのアダプタはラボに1つといえに1つ持っています。💢💢💢 #utmc1
1429870598000,目が大きくて丸っこい顔をしていて子供のようなデザインになった #utmc1
1429870596000,目が大きくてまるっこい……オタク受けする顔じゃないか？ #utmc1
1429870595000,なんかロックマン感がある　#utmc1
1429870595000,中性的でいいからもう少しかわいくしてくれ #utmc1
1429870593000,なぜそのデザインなんだ #utmc1
1429870593000,pepper、かわいい #utmc1
1429870593000,ディアゴステー◯で見たことあるような顔があるな #utmc1
1429870581000,ニートだから二足歩行は10倍のエネルギーを使うってくだりで頷いてしまった #utmc1
1429870580000,間を取って男の娘にすればいいのでは#utmc1
1429870574000,マミさんかよ #utmc1
1429870571000,ロリな狐耳の女の子のロボットをつくろうな #utmc1
1429870566000,エネルギー面、技術面からして2足歩行型のロボットは実用レベルにない #utmc1
1429870557000,きもいなｗ　#utmc1
1429870556000,あのデザインかっこいいな #utmc1
1429870551000,二足歩行は10倍エネルギーを使う←マｗ？ #utmc1
1429870536000,まあ二足歩行じゃなくてもいいよね #utmc1
1429870535000,二足歩行のメリット・デメリット→階段は登れるが、階段を人間と等速で落ちないように登れるロボットはいまのところいないしかも階段を転げ落ちると文句が出るしバッテリーも食う #utmc1
1429870529000,人間は燃費がいい #utmc1
1429870529000,結局的に、実用性を求めて二足歩行はやめになった。 #utmc1
1429870525000,ロボットの二足歩行は今の技術では1時間くらいしかもたない#utmc1
1429870525000,二足歩行が地味な難関 #utmc1
1429870522000,人間というのは良くてきていて東大生「私は人間として出来ていない」 #utmc1
1429870515000,二足歩行は燃費が悪い #utmc1
1429870514000,（まぁ，確かにリアルなロボットだったら，逆に気持ち悪いよねぇ(笑) ）#utmc1
1429870511000,理想のロボット群 #utmc1 http://t.co/Klx6JK8Bds
1429870509000,「家の階段」 #utmc1
1429870504000,@genesis_brb 今2個持ってますし、家に1個ありますし、研究室に1個あります。 #utmc1
1429870502000,ロボットが階段から落ちると文句を言われるでしょう？ #utmc1
1429870495000,美少女ロボットと暮らしてえ…  #utmc1
1429870493000,かわいい女の子のロボットはよ #utmc1
1429870492000,人間と同じレベルで階段を登れるロボットはいないし、最初は二足歩行ではなかった #utmc1
1429870486000,二足歩行は階段登れない #utmc1
1429870484000,あれ、かわいくねww？#utmc1
1429870479000,なんかロックマンっぽい #utmc1
1429870476000,可愛いデザインを求めるオタクな #utmc1
1429870474000,ALDEBARAN #utmc1
1429870470000,A13いいね #utmc1
1429870469000,「公開できる契約をしているデザイン」 #utmc1
1429870465000,デザインは「中性的に」を考えた．初音○クのように，個性的なデザインとしてしまうと，それだけで個性が決まるでしょう．#utmc1
1429870462000,pepperは中性的なデザインで、威圧感がなく万人になじみやすい #utmc1
1429870461000,#いろいろなデザイン #utmc1
1429870461000,pepperのデザインは当初のスケッチとはかなり異なっている→いろいろな話し合いの結果 #utmc1
1429870459000,おっさんたち「可愛い女の子のロボットがいい」#utmc1
1429870458000,「特定の嗜好の人」向けの人型ロボットといえばマルチな時代はとうの昔に終わったんだ #utmc1
1429870454000,あんまりリアルだときもいけどね　#utmc1
1429870453000,万人に受けるのは難しいからな #utmc1
1429870442000,pepper  無個性なデザインによって万人に馴染みやすくする仕草や言葉で個性を変えやすい#utmc1
1429870430000,数年後にはダッチワイフ作られそう#utmc1
1429870427000,若い男性には「もっと可愛いデザインがよかった」とは言われるが、女性などには「良いデザインだね」と言われることがおおい。 #utmc1
1429870425000,「普及しなきゃあまり価値がない」pepperだからこそ万人受けするような中性的なデザインになったのか #utmc1
1429870424000,ロボットってニュートラルな感じなの多いよね 個人的には好きじゃないけどw #utmc1
1429870420000,デザインについて個性的なデザイン→外見から個性がきめられてしまう中性的なデザイン→仕草や言葉で個性を変えやすいpepperは目を大きく身長を低めにして、柔らかい雰囲気を目指した身長は机の大きさを超える程度にした #utmc1
1429870418000,初音ミクをpepperなんぞの比較に使うんじゃない #utmc1
1429870418000,中性的なデザイン、ハローキティに口がない話を思い出すな #utmc1
1429870416000,いや、pepperの外見のロボットより内田彩さんの外見のロボットの方が絶対いいでしょ？ #utmc1
1429870414000,初音ミクが"""特定の嗜好"""!?!?!? #utmc1
1429870414000,可愛いデザインのロボットが学習をした結果「脳みそ踏んづけるぞ」とかいう語彙を習得したらそれはそれで楽しそう #utmc1
1429870411000,オタクのわがまま　#utmc1
1429870410000,pepper→無個性で万人になじみやすい→仕草や言葉で個性を変えやすい #utmc1
1429870406000,初音ミク #utmc1
1429870401000,仕事を選べなくなるとマズいのでこのデザインで良い #utmc1
1429870397000,個性的なデザインをしてしまうと個性がきめられてしまうので netral なものにした #utmc1
1429870397000,いや、でも僕は家にチノちゃんがいるので #utmc1
1429870396000,#utmc1 はハッシュタグandフォロー内検索かければ出なくても内容ほぼ分かるレベルでみんな呟いてる
1429870390000,同じような自動対話としてsiriがある．だがsiriだったら、ものに対する音声コマンド入力でしかない。でも、人型のロボットだったらどうでしょう．人に対するコミュニケーションをとってしまいませんか？ #utmc1
1429870390000,無個性でキレイなデザインが、みんなと会話できるロボットになりうる。 #utmc1
1429870388000,若い男性はクソ #utmc1
1429870380000,ミクだって色んな事させられてるぞ！#utmc1
1429870379000,実際、キャラにすると不気味の谷とかどうなんだろ #utmc1
1429870375000,外見は大事＃utmc1
1429870373000,初音ミクのような個性的なデザインでは、特定の嗜好に熱烈に好まれるが、外見から個性が決められてしまう。でもPepperのような中性的なデザインのほうが、威圧感がなく万人になじみやすい。仕草や言葉で個性を変えやすいのだ。 #utmc1
1429870369000,男性は外見を重視する #utmc1
1429870367000,個性的なデザイン　外見から個性がきめられてしまう中性的なデザイン　仕草や言葉で個性をかえやすい #utmc1
1429870365000,人間味、暖かさが鍵？ #utmc1
1429870362000,若い男性（オタク） #utmc1
1429870359000,若い男性（オタク） #utmc1
1429870359000,人にとって最高のインターフェイスは人（）#utmc1
1429870358000,ミクさんじゃん #utmc1
1429870358000,「特定の嗜好の人」 #utmc1
1429870358000,個性的なデザインではなく中性的なデザイン万人受け #utmc1
1429870355000,かわいいほうがいいでしょ #utmc1
1429870352000,○音ミクきたな… #utmc1
1429870352000,ミク pepper #utmc1
1429870349000,ミク　#utmc1
1429870347000,pepperともコミュニケーションがとれないコミュ障 #utmc1
1429870345000,ものとしてのデザイン→待機していると「あー通信してるんだろうな」ひととしてのデザイン→待機していると「悩んでいるのかな？」「困っているのかな？」と人が勝手に意味づけしてくれるので情報量が多い #utmc1
1429870343000,pepper全裸なのか #utmc1
1429870341000,Siriは機能を求められてしまい友達や対等な関係としては見られないみたいな話は前に ロビくんの高橋さんも言ってたな #utmc1
1429870337000,RT @Ishotihadus: でもPepperだったら、「おっ考えてる」とか、悩んでる仕草を見て「お、悩んでる！」と思う人が多いだろう。 #utmc1
1429870336000,人型なだけで人は味方になる #utmc1
1429870333000,人がロボットの動きに意味付けする #utmc1
1429870333000,でもPepperだったら、「おっ考えてる」とか、悩んでる仕草を見て「お、悩んでる！」と思う人が多いだろう。 #utmc1
1429870324000,ひととコミュニケーションをとろうとするPepperと，コミュニケーション能力が著しく欠如したみなさん #utmc1
1429870317000,@iamkuntao http://t.co/dI5w5MB9w1 #utmc1
1429870317000,昆虫型のタチコマが複数集まって会話をしている様子と、人型のpepperが複数集まって会話をしている様子、どちらが受け入れやすいかって面白いな？#utmc1
1429870312000,RT @Ishotihadus: Siriに聞くのは、どこまで機能があるのかみたいな話。待ってる間も「どうせサーバーと通信してるんだろうな」って思うだろう。 #utmc1
1429870309000,なぜ人は人型ロボットに興味を持つのかって言われれば、人は「顔」を認識するのが本能的に得意だからって説明で終わるよね #utmc1
1429870305000,Siriに聞くのは、どこまで機能があるのかみたいな話。待ってる間も「どうせサーバーと通信してるんだろうな」って思うだろう。 #utmc1
1429870291000,尻#utmc1
1429870288000,なぜ人は人型ロボットに興味を目指すのか？→人は人とのコミュニケーションが最も得意なので、人というフロントエンドは人間にとって最も優れている！ #utmc1
1429870280000,Siriだったら、ものに対する音声コマンド入力でしかない。でも、人型のロボットだったら、人に対するコミュニケーションを撮ろうとするでしょう。 #utmc1
1429870276000,Siri に話すときは機能を求めている #utmc1
1429870272000,終わったキャンペーンを流さない🙅(食べられなかった顔 #utmc1
1429870269000,siriの方が優れている #utmc1
1429870255000,pepperとかいうの、この教室にいる大体の東大生よりコミュ力高いんじゃないのか…？ #utmc1
1429870255000,@iamkuntao https://t.co/FwTvJawrHq #utmc1
1429870254000,RT @UT_kuso: 受講生Twitterしすぎでしょ、クソかよ #utmc1
1429870252000,人は人を認識する脳を持ってる→人は人型ロボットに興味を持つ #utmc1
1429870251000,目を合わせず環境に適応できないオタクたちとそれと相反するpepper#utmc1
1429870242000,「人にとってもっとも理想的なインターフェイスは人」 #utmc1
1429870241000,なぜ人は人型ロボットに興味をもつのか？それは人は人を認識する脳を持っているため。人にとって最も理想的なインターフェイスは人です。（大阪大学　石黒教授） #utmc1
1429870240000,【第2の特徴：目があうロボット（コミュニケーションが出来る）】人間ロボットは2つのメリットがある．一つは階段を上る等の生活環境へ適応できる．もう一つは目があうなど対人関係への適応．ペッパー君は後者．#utmc1
1429870234000,人型ロボットのメリット→生活環境への適応、対人環境への適応前者階段を登るなど、人を真似した運動機能後者目が合うなど、自然なコミュニケーションpepperが目指すのは後者 #utmc1
1429870230000,性格の個体差はあるのだろうか #utmc1
1429870225000,ミサカはミサカは．．．　#utmc1
1429870225000,対人関係への適応が目標#utmc1
1429870222000,pepperは生活環境への適応よりかは対人関係への適応をメインに考えている。自然なコミュニケーションを目標にしている #utmc1
1429870218000,・人向けに用意された環境への対応・対人関係への対応 #utmc1
1429870218000,目を合わせられず自然なコミュニケーションを取ることのできない皆さん！！！！ #utmc1
1429870213000,前者は生活環境への適応 #utmc1
1429870212000,RT @planarian8: 東大工学部だったらponanzaの前に激指を紹介しろ💢💢💢💢💢💢💢💢 #utmc1
1429870211000,RT @Mangyong011235: これがクラウドの力か…… #utmc1 http://t.co/KuBGcZzdKn
1429870210000,やよい軒カツ丼390円は今日14時まで #utmc1
1429870205000,そういえばドラえもんってあの足でどうやって階段上ってるんだろう　#utmc1
1429870203000,人と目を合わせるpepperと、コミュ力が足りなくて人の顔を見れない東大生。 #utmc1
1429870203000,人型ロボットの2つのメリット1. 生活環境への適応　コップを持ったり、階段を登ったり、そういった人を真似した運動機能がモテる2. 対人関係への適応　目が合う、ボディーランゲージができるなど、自然なコミュニケーションが取れる #utmc1
1429870198000,目が合わない人間もいる…… #utmc1
1429870189000,自然な communication #utmc1
1429870176000,これがクラウドの力か…… #utmc1 http://t.co/KuBGcZzdKn
1429870176000,しかしpepperはクラウド使った膨大なデータ共有で、人が喜ぶ行動をするようになる #utmc1
1429870173000,人を真似した運動機能 #utmc1
1429870171000,人は思い込みで動きやすいって言ってたけど確かに学習データ少なかったら思い込みになるのかな #utmc1
1429870166000,複数のpepperが同じ場所に存在した場合、会話が始まったりするんですか？#utmc1
1429870166000,目が合うロボット #utmc1
1429870162000,#utmc1  https://t.co/ZaDhVRFgrw
1429870160000,２． 目が合うロボット #utmc1
1429870154000,中国・四国地方の故障率の高さ #utmc1
1429870147000,pepperはリアルタイムでロボットの健康を監視できる #utmc1
1429870146000,ロボットの「「「「「健康」」」」」 #utmc1
1429870145000,胴を5cm伸ばしたらもうちょっと消化吸収が良くなりそう #utmc1
1429870140000,リアルタイムでロボットの状態をモニター #utmc1
1429870135000,だが，現在はデータが非常に多く集まり，コンピューターでも人間の生活の実態がわかるようになってきた． #utmc1
1429870121000,ロボットの健康をリアルタイムで確認 #utmc1
1429870119000,KOMATSU #utmc1
1429870099000,コンピューターの学習 Vs. 人間の学習(コ)たくさんの情報を学習可能 (人)少しの情報から学習可能　(コ)安定であるが，大量のデータが必要(人)環境変化に強いが，思い込みの可能性 #utmc1
1429870096000,@satoshi_eeic かなりまえの変更じゃない？ #utmc1
1429870089000,人間とコンピュータは当面の間役割が全く違うので共存可能？ #utmc1
1429870079000,安定するけどエネルギーがたくさん必要とか生命科学で聞いたっけ #utmc1
1429870073000,数は正義　#utmc1
1429870072000,たくさんあることが大事 #utmc1
1429870072000,タチコマだ #utmc1
1429870068000,コンピュータ…たくさんの情報を学習可能で安定しているが、大量のデータが必要人間…少しの情報から学習可能で環境変化に強いが、思い込みなどが激しい よって当面の間はコンピュータと人間のそれぞれの特徴を活かした共存が可能と言える #utmc1
1429870065000,今までのロボットとpepperの違いは「個体が優れているのではなく、むしろたくさんあることにそもそも価値がある」 #utmc1
1429870062000,pepperはたくさんあることに価値がある #utmc1
1429870053000,コンピュータはデータを待たなければならないのが欠点になる #utmc1
1429870047000,非常に大量のデータ #utmc1
1429870046000,この人声と話し方が１年の時の数学１Ｂの教員に似てる #utmc1
1429870040000,コンピューター… たくさんの情報からの学習人… 少しの情報からの学習但し人は思い込みが生じることが弱点#utmc1
1429870015000,RT @D_Plius: 読上係「二6歩」pepper「ロボットなのに、こーんなに滑らかに動くんですよ〜〜wwww」💢💢💢 #utmc1
1429870014000,コンピュータはたくさんの情報を学習可能→安定しているが、大量のデータを必要人間はすこしの情報から学習可能→環境変化に強いが、思い込みなどによって誤差も大きい #utmc1
1429870014000,@satoshi_eeic 500? #utmc1
1429870009000,少しの情報から学習可能なのが人間 #utmc1
1429870001000,読上係「二6歩」pepper「ロボットなのに、こーんなに滑らかに動くんですよ〜〜wwww」💢💢💢 #utmc1
1429869999000,Pepperくんに話した秘密はクラウドで全世界に秒で広まるんですな　#utmc1
1429869992000,コンピュータ・たくさんの情報を学習可能○結果が安定している×大量のデータが必要人間・すこしの情報から学習可能○環境変化に強い×思い込みなど #utmc1
1429869989000,例：1997年「ディープ・ブルー」（チェス）と2013年「ponanza」（将棋）上下には計算量に10^100倍の差がある（らしい）が、ムーアの法則では10^3倍程度しか性能差がない．この性能差と計算量の差を埋めたものこそが「学習能力」なのである．#utmc1
1429869975000,電王手きゅん #utmc1
1429869974000,computer タグしたデータが必要 (人間は必要ない自分で tag をつけられる) #utmc1
1429869964000,これな……#utmc1 /将棋電王戦FINAL第5局にてAWAKEが21手で投了 (3:34) http://t.co/sKm6pX3Lss #sm26001710
1429869964000,ponanzaはたくさんの過去の対戦を学習し、次の一手がわかるpepperはたくさんのコミュニケーションを通じて、人の喜ぶことがわかる #utmc1
1429869950000,タグ付けしたデータ #utmc1
1429869940000,クラウドAIでミサカ妹を思い出すのは私だけではないはず #utmc1
1429869933000,よくわからんけど学習って一定のアルゴリズム内でしかできないんじゃないのと思っているんだが #utmc1
1429869928000,神の一手 #utmc1
1429869926000,「次の一手がわかる」ロボットが作れるなら、「人の喜ぶことが分かる」ロボットが作れるのではないか。だからクラウドロボットなわけである。 #utmc1
1429869924000,ポナンザは今年も対人間負けてなかったからね #utmc1
1429869920000,ここ数年の計算能力自体の上昇は10^3程度であったが、「学習」によってのこり10^97の分を補完してきた #utmc1
1429869913000,pepper相手に将棋したくない。 #utmc1
1429869912000,どっかと計算してばっとクラスタリングすると強いアルゴリズムが #utmc1
1429869911000,学習は強力 #utmc1
1429869909000,ディープブルーはしらみつぶしな計算→ponanzaは学習能力 #utmc1
1429869907000,1グーゴル倍の差 #utmc1
1429869906000,学習というのは非常に強力#utmc1
1429869904000,#utmc1 今週も面白そうだ
1429869894000,http://t.co/ZOkH1XBUg1無限対数？ #utmc1
1429869883000,学習こそ革命 #utmc1
1429869878000,能力10^3 × 効率化 10^97 = 計算量 10^100 #utmc1
1429869877000,1997年、「ディープ・ブルー」（チェス）2013年、「ponanza」（将棋）上下には計算量に10^100倍の差がある（らしい）が、ムーアの法則では10^3倍程度しか性能差がないこの性能差と計算量の差を埋めたのはなに？→学習能力！ #utmc1
1429869872000,【pepper君第1の特徴：クラウドロボット（たくさんのPepperで学習）】現在の学習コンピュータは，データからの知識の自動集積⇒アルゴリズムによる知恵の自動生成のフェイズまで来ている． #utmc1
1429869871000,すなわち残りの10^97倍を補ってくれたのは「学習」である #utmc1
1429869866000,チェスと将棋の比較：計算量は将棋が10^100倍提訴。将棋はコンピュータが人を超えるのにまだまだ時間がかかりそう「だった」 #utmc1
1429869865000,ポナンザはつよい #utmc1
1429869863000,計算→学習 #utmc1
1429869854000,チェスと将棋ではコンピュータの計算量が10^100倍も違う #utmc1
1429869850000,この間、ムーアの法則的に、能力は1000倍程度にしかなっていない #utmc1
1429869850000,無量大数ではW #utmc1
1429869848000,RT @planarian8: 東大工学部だったらponanzaの前に激指を紹介しろ💢💢💢💢💢💢💢💢 #utmc1
1429869843000,log_∞{}? #utmc1
1429869843000,コンピュータ科学におけるその時代ごとの先端技術が「AI」と呼ばれしばらくすると一般的な技術として利用されるって話が#utmc1
1429869830000,将棋はチェスに比べて10^100倍くらいの計算量#utmc1
1429869828000,1997年のディープ・ブルー（チェス）、そして2013年のPonanza（将棋）、どうして時間がかかったのか、それは後者の計算量が10^100倍あったからだ #utmc1
1429869826000,囲碁までコンピュータ&gt;人間になったらヤバい #utmc1
1429869826000,無限対数www #utmc1
1429869816000,東大工学部だったらponanzaの前に激指を紹介しろ💢💢💢💢💢💢💢💢 #utmc1
1429869812000,激指じゃないのか… #utmc1
1429869805000,ソフトバンク新30年ビジョン(2012年)知識(データ)の自動集積→知恵(アルゴリズム)の自動生成 #utmc1
1429869804000,羽生さん「2015年とか？」 #utmc1
1429869804000,角成らずで投了の思い出 #utmc1
1429869803000,ポナンザ #utmc1
1429869788000,bonanza#utmc1
1429869786000,「知識の自動集積から知恵の自動生成」の流れはコンピュータでできるようになってきた #utmc1
1429869784000,ポナンザじゃん #utmc1
1429869783000,ディープ・ブルー #utmc1
1429869778000,知識の自動集積・自動生成 #utmc1
1429869777000,ponanzaキター！ #utmc1
1429869768000,データさえ集めれば機会学習でいろいろとできるようになってきている #utmc1
1429869765000,アルゴリズムが自動で作られるってすごいな #utmc1
1429869764000,学習型コンピュータ知識の自動集積→知恵の自動生成 #utmc1
1429869760000,「データさえ集めれば」 #utmc1
1429869758000,pepperとかどうでもいいから娼婦ロボはよ作ってくれ #utmc1
1429869754000,【学習型コンピュータ】知識の自動集積データ＋知恵の自動生成アルゴリズム#utmc1
1429869749000,猫型ロボットより脳型ロボット #utmc1
1429869748000,哀しみの機械学習#utmc1
1429869746000,現在、機械学習が発達した結果、知識の自動集積・知恵の自動生成の時代にやってきた #utmc1
1429869738000,脳型コンピュータ：知識の自動集積と知恵の自動生成；データとアルゴリズム #utmc1
1429869734000,さっきのスライド1枚3分以上使ってたのに急に1枚数十秒になったからストレスフル💢💢💢💢💢💢💢💢 #utmc1
1429869734000,前の席の人艦これやるなtwitterやれ #utmc1
1429869730000,コンピュータ素子数が人の脳の細胞数を超えたとき、コンピュータの担う役割とは？脳→データ（知識の自動集積）とアルゴリズム（知恵の自動生成） #utmc1
1429869721000,知識の自動集積 自動生成 #utmc1
1429869716000,学習型コンピュータって最強だよな #utmc1
1429869715000,ロボットじゃないコンピュータ #utmc1
1429869707000,脳（データとアルゴリズムを自動で学習するシステム）型ロボット #utmc1
1429869702000,脳型 computer #utmc1
1429869699000,脳型コンピュータ #utmc1
1429869698000,300年ビジョン? #utmc1
1429869689000,computer の役割は将来どうなるのかを考えたときに robot が登場する #utmc1
1429869684000,なるほどなぁ #utmc1
1429869679000,人間の脳よりコンピューターの方が優れてしまう#utmc1
1429869679000,トランジスタの比ではないレベルで神経細胞は連結しているだろうなぁ #utmc1
1429869675000,コンピュータがいつか人間を越えてしまった時、コンピュータの役割とは何になるのか #utmc1
1429869663000,sigularity はどこかで実現される #utmc1
1429869661000,特異領域への特異点 #utmc1
1429869660000,細胞数ですね #utmc1
1429869658000,しんぎゅらりてぃー #utmc1
1429869656000,松本楼で聞いた #utmc1
1429869654000,銀行の接客にpepperを導入するってなって、外部サーバーに学習内容保存するのにセキュリティ大丈夫なのかってはなしあったね #utmc1
1429869650000,2045年前後、人とコンピュータの計算力が並ぶ #utmc1
1429869649000,こないだは2045年でしたね… #utmc1
1429869648000,RT @mitchy192133: 「たくさんのpepperで学習」、想像するとSF的なアレみがある。#utmc1
1429869640000,singularity #utmc1
1429869634000,通りは良くない🙅 #utmc1
1429869634000,「孫が……」#utmc1
1429869633000,共依存ロボット？？(違 #utmc1
1429869625000,冪　乗　則 #utmc1
1429869621000,「孫が」 #utmc1
1429869619000,Pepperの4つの大きな特徴：クラウドロボット．目があうロボット．感情を認識，皆で作るロボット．#utmc1
1429869613000,「クラウドロボット」「目が合うロボット」「感情を認識するロボット」「みんなで作るロボット」（クリエイティブプラットフォーム） #utmc1
1429869611000,・クラウドロボット・目が合うロボット・感情を認識・みんなで作るロボット#utmc1
1429869610000,孫正義を呼び捨てにするたび笑う #utmc1
1429869607000,そんなことからPepperは生まれた #utmc1
1429869607000,pepperクラウドロボットたくさんのpepperで学習#utmc1
1429869606000,すとりーむ垢を使って（授業）実況する人々 #utmc1
1429869600000,「たくさんのpepperで学習」、想像するとSF的なアレみがある。#utmc1
1429869600000,1. クラウドロボット #utmc1
1429869599000,クラウドロボット #utmc1
1429869596000,まぁ多分結局ペットを飼わない私はpepperもいらない… #utmc1
1429869591000,ぶっちゃけPepperと目が合ったらこわい　#utmc1
1429869587000,pepperの4つの特徴・クラウドロボット（たくさんのPepperで学修）・目が合うロボット（人とのコミュニケーションを大切にしている）・感情を認識（相手の感情で、自分の行動を振り返る）・みんなで作るロボット（クリエイティブプラットフォーム） #utmc1
1429869584000,3.感情を認識 #utmc1
1429869578000,ぜってぇ共依存していこうな！#utmc1
1429869577000,前に座ってる人のpcに自分のアイコンを出す遊び #utmc1
1429869577000,2.目が合うロボット #utmc1
1429869575000,４つの特徴を生かして人とのコミュニケーションをとっていく #utmc1
1429869575000,弱いロボットは依存している→まだよわい生き残れる→つよい#utmc1
1429869573000,にんげんは よわいいきもの だから たにんと いきよう #utmc1
1429869572000,1.クラウドロボット #utmc1
1429869568000,「自立と依存」震災の時、「一人で生きていた人」は通信も供給も絶たれ、生きていけなくなった逆に「周りと共生していた人」は、すぐに逃げて生き残ることができたはたして本当に自立しているのはどちらか？ #utmc1
1429869564000,ボッチで悪かったわね #utmc1
1429869562000,メンヘラロボット？ #utmc1
1429869557000,おそまはま #utmc1
1429869556000,どういう振る舞いをして人と矯正できるのか？が大事 #utmc1
1429869553000,わかる #utmc1
1429869551000,(例) 弱いゴミ拾いロボット：アームがついておらず、ゴミを見つけても体をクネらせてアピールする。それを見て誰かがゴミを入れるとゴミ箱が喜ぶ #utmc1
1429869546000,孤独死 #utmc1
1429869544000,生き残るという視点でいくと、共生こそが本当の"自立" #utmc1
1429869540000,生き残れるという点で、むしろ後者のほうが自立しているのではないか。 #utmc1
1429869539000,誰にも気づかれずに死んでいく... #utmc1
1429869532000,地上8階に住んでいる人は「自立」しているが故に震災の際に取り残された #utmc1
1429869529000,ぼっちの話はやめるんだ！！ #utmc1
1429869527000,たとえば8階に住んでいる足のよわいおばあちゃんがいるとしましょう。マジで誰にも頼らずに生きているおばあちゃんと、まわりに助けられて生きているおばあちゃん、どちらが本当の意味で自立しているのか。 #utmc1
1429869527000,弱いロボットはあざとさを持ってるからつよい #utmc1
1429869526000,自立ではないような #utmc1
1429869490000,例えば「強いロボット」の場合、「ごみをひろう」ためにはアームがいり、そのアームが子供の目を誤って突かないようにセンサーが要り、そのセンサーが劣化しないように○○が要り・・・とどんどんコストがかさんでいき、最終的に「ゴミ捨てロボットは実用不可能」という結論に至る #utmc1
1429869485000,弱いロボット（依存症） #utmc1
1429869484000,自立と依存 #utmc1
1429869472000,強いロボットは自立していて、弱いロボットは依存している。 #utmc1
1429869470000,ほかの授業と比べて明らかにタイピングの音が大きい　#utmc1
1429869470000,自立と依存 #utmc1
1429869467000,人との共生、人に依存するロボット #utmc1
1429869460000,ほかの授業と比べて明らかにタイピングの音が大きい　#utmc1
1429869450000,弱いボットは安全 #utmc1
1429869448000,「自分を必要としてくれる存在」を人は求めているじゃないか．その考えが，pepperを生み出すことにおいて大事だった． #utmc1
1429869447000,むしろ弱いロボットは、人間が助けることを前提としているから、そういう点で優れている #utmc1
1429869440000,さっき #utmc1 の教室の前通ったら圧倒的ノーパソ率に笑った
1429869439000,ょゎぃロボットは安全、共生できる存在 #utmc1
1429869435000,強いロボットは、いろいろな条件に対応しなければいけないから実現が難しい #utmc1
1429869424000,他力本願なロボットがひらく弱いという希望 できないという可能性 #utmc1
1429869417000,となりのロボットの話をしろ(百合ヤクザ) #utmc1
1429869412000,RT @UT_kuso: 受講生Twitterしすぎでしょ、クソかよ #utmc1
1429869410000,#utmc1　とは
1429869399000,私もゴミを食べさせたい！！ってなる #utmc1
1429869397000,RT @sy_friction: メディコンはじまるよー #utmc1 http://t.co/8Eyqmre9kq
1429869392000,「弱いロボット（書籍）」ゴミを見つけて「ごみいれてよー」とくねくねする、ゴミを入れられると喜ぶ→人が自分でゴミを入れるようになるこれは弱いロボットが間接的にゴミを拾っているのではないか？ #utmc1
1429869390000,弱いゴミ拾いロボット：アームがついておらず、ゴミを見つけても体をクネらせてアピールするだけ。→それを見て誰かがゴミを入れるとゴミ箱が喜ぶ #utmc1
1429869381000,弱いロボットひとりでできないもんわたしのことかな #utmc1
1429869380000,人に媚びるタイプのロボット #utmc1
1429869377000,弱いロボット：ゴミの近くで困ってるロボットに、人間がゴミをほいと入れると、ロボットが喜ぶ #utmc1
1429869375000,強いロボットの例としてゴミ箱型ロボット (勝手に掃除してくれる) 弱いロボットはゴミを見つけても自分はなにもしない. ゴミをみつけたことを通知して周りの人が捨てる #utmc1
1429869375000,弱いロボットは慰み者#utmc1
1429869370000,誰か俺を必要としてくれ#utmc1
1429869362000,ゴミを見つけて体をくねらせる程度の能力 #utmc1 #弱いロボット
1429869359000,通常2時間かけてする話を1時間でするのでTwitterという外部メモリに記憶させておくんですよ#utmc1
1429869356000,皆が思うロボットは，ドラ○もんや○トムのように「人が頼るような」ロボットだと思うが，Pepperは「人を頼る」ことが特徴のロボットである．位置づけ的にはペットが近い(皆がペットのことをかわいいと思う理由は「人間を必要とすること」ではないですか？) #utmc1
1429869343000,ペット飼うのは求められたいから#utmc1
1429869343000,ひとりでできないもんw #utmc1
1429869325000,つよいロボットよわいロボットそんなの人の勝手#utmc1
1429869324000,強いロボット：ゴミ箱型ロボット（ルンバ） #utmc1
1429869321000,ニコ動で見た #utmc1
1429869320000,ごみはゴミ箱へ　#utmc1
1429869318000,よわい学科民 #utmc1
1429869308000,ひとりでできないもん #utmc1
1429869306000,判断は面倒、でも頼って欲しい、といったところか #utmc1
1429869305000,ペットの存在意義とは？→「人に頼る」ことが本質なのでは。人の遺伝子は昔からほとんど進化していないが、文化は進化してきている昔と異なり、核家族化で「話す」機会が減った。ここに技術のニーズがあるのでは？ #utmc1
1429869302000,RT @sy_friction: メディコンはじまるよー #utmc1 http://t.co/8Eyqmre9kq
1429869301000,「弱いロボット」という概念 #utmc1
1429869296000,弱いロボット #utmc1
1429869294000,求められてえ… #utmc1
1429869292000,弱いロボット #utmc1
1429869287000,tyhs #utmc1
1429869287000,フォントがきりぎりす #utmc1
1429869281000,http://t.co/35Pht5Sqbx #utmc1
1429869273000,理系の人のプレゼンは大概つまらない #utmc1
1429869270000,「人が操作して人を頼るロボット」っておらんのんかな　#utmc1
1429869259000,見渡す限りみんなTwitterしていてびびるな #utmc1
1429869258000,瑞鳳がかわいいのはなぜなのか #utmc1
1429869258000,私は自分で判断して人が頼りマース #utmc1
1429869252000,キーボードの打鍵が響く授業 #utmc1
1429869247000,自分を必要としてくれる存在だからペットは求められているのでは？ #utmc1
1429869246000,自分で散歩に行くペット、"シロ" #utmc1
1429869244000,RT @UT_kuso: 受講生Twitterしすぎでしょ、クソかよ #utmc1
1429869238000,求められていこうな #utmc1
1429869236000,頼られると嬉しい的な？ #utmc1
1429869235000,「自分を必要としてくれる存在」を人は求めているものではないか #utmc1
1429869227000,受講生Twitterしすぎでしょ、クソかよ #utmc1
1429869224000,←自分で判断して人を頼ります#utmc1
1429869219000,「ただいま」って帰ってきた時にすごく喜んでくれる「自分を頼ってくれる」存在が実は人間が「「「「「求めている」」」」」存在なのではないか #utmc1
1429869217000,空白💢 #utmc1
1429869217000,飼ってる犬が台所でチャーハン作って勝手に食べてる図が浮かんだ。 #utmc1
1429869215000,左上（自分で判断、人を頼る）：ペット右上（人が操作、人を頼る）：おもちゃ左下（自分で判断、人が頼る）：ご両親右下（人が操作、人が頼る）；家電や自動車 #utmc1
1429869208000,多摩が可愛いのはなぜか #utmc1
1429869205000,なんというか、pixivの人と比べて入りであまり引き込まれない #utmc1
1429869203000,pepper  |自分で判断| ドラえもん（ペット）          （両親）|人を頼る|       |人が頼る|（おもちゃ）|人が操作|   （家電）               ガンダム #utmc1
1429869197000,チノちゃんが可愛いのはなぜか #utmc1
1429869191000,ペットの「かわいい」ってどういう価値なんでしょうね #utmc1
1429869185000,ペットは人を必要とするからかわいいのではないか #utmc1
1429869180000,←かわいい #utmc1
1429869174000,かわいいは正義 #utmc1
1429869172000,pepper is kawaii #utmc1
1429869172000,なんで人はペットを買うのか #utmc1
1429869167000,暑いわかる #utmc1
1429869167000,＞ペットは論理的に考えるとあまり効率的な存在ではない＜ #utmc1
1429869161000,RT @Ishotihadus: 「皆さんの考えるロボットとは？」アトム？ドラえもん？ガンダム？エヴァ？ #utmc1
1429869160000,論理的に考えてペットを飼ってないですし飼うつもりもない #utmc1
1429869158000,RT @mr_temperman: エヴァは複雑、ガンダムは単純、とは #utmc1
1429869150000,pepperは「自分で判断して人を頼る、ペットのようなもの」 #utmc1
1429869149000,RT @Altz214: ドラえもんとかガンダムとか「ぱっと思いつくロボット」は皆「人が頼る」ロボットPepperは「人を頼る」ロボット　#utmc1
1429869149000,エヴァはロボットじゃないおばけが出るぞ~~!!!逃げろ~~~~~~ #utmc1
1429869144000,出席しました． #utmc1
1429869138000,AIBOあったなぁ… #utmc1
1429869136000,よわいろぼっとつよいろぼっとそんなのひとのかって #utmc1
1429869129000,自分で判断する盆栽 #utmc1
1429869127000,MF #utmc1
1429869125000,これでだいじょうぶかな #utmc1
1429869125000,盆栽 #utmc1
1429869123000,やっぱりエヴァをロボットと言ったことに反応した人たちがいた  #utmc1
1429869123000,pepper　　　　｜ドラえもん・アトム｜エヴァ・ガンダム左は自分で判断、右は人が操作上は人を頼る（弱い）、下は人が頼る（強い） #utmc1
1429869114000,エヴァンゲリオン #utmc1
1429869114000,エヴァはアスカ派です #utmc1
1429869110000,pepper は人が頼る robot (ドラえもんとか)ではない。だが、自分で判断する能力あり #utmc1
1429869108000,ドラえもんとかガンダムとか「ぱっと思いつくロボット」は皆「人が頼る」ロボットPepperは「人を頼る」ロボット　#utmc1
1429869108000,ASIMOは？ #utmc1
1429869101000,＞両親はロボット＜ #utmc1
1429869092000,汎用人型決戦兵器人造人間エヴァンゲリオン #utmc1
1429869092000,暑くね？　#utmc1
1429869078000,pepper君のプロジェクトは極秘事項だったため，プロジェクトでpepper君に感情を覚えさせるために叫び声をあげたり，大声で笑い声をしていると，何も知らないほかの人は「なんだこのプロジェクトは」と思ったようである．#utmc1
1429869074000,pepperは「人を頼るロボット」（アトムやドラえもんは「人が頼るロボット」） #utmc1
1429869066000,Pepperは「人を頼る」弱いロボット #utmc1
1429869066000,RT @uorih_soy: ㋔㋟㋗！は集まるとうるさいのである。結局のところ、㋔㋟㋗！が忌み嫌うリア充のウェイ達と何も変わらないのである。 #utmc1
1429869062000,人を頼るロボット #utmc1
1429869057000,エヴァをロボットに含めない✘ #utmc1
1429869046000,自分で判断と操作 #utmc1
1429869039000,エヴァをロボットって言ったぞ！！ #utmc1
1429869037000,Pepperと普通のロボットって何が違うの？について話します #utmc1ほんとは120分の内容なんだけど60分なので2倍速で…
1429869034000,evaはロボットじゃない！　#utmc1
1429869032000,エヴァは複雑、ガンダムは単純、とは #utmc1
1429869032000,新規開発はいつでも大変なのだな･･･#utmc1
1429869026000,エヴァンゲリオンがロボット！！？？（過激派） #utmc1
1429869015000,「皆さんの考えるロボットとは？」アトム？ドラえもん？ガンダム？エヴァ？ #utmc1
1429869007000,pepper #utmc1
1429869006000,2倍速 #utmc1
1429869005000,pepper と他のロボットの違い #utmc1
1429869004000,Pepperは二年間極秘裏に開発されていた #utmc1
1429869004000,オタクはすぐオタクという単語に反応する #utmc1
1429869000000,2倍速で #utmc1
1429868999000,ソフトバンクアカデミアは動物園#utmc1
1429868997000,前で喋ってる方はpepperの新型なんですか？#utmc1
1429868994000,笑う日 泣く日 怒る日 #utmc1
1429868992000,感情認識ロボットの試験をやっていたので（しかもシークレットで）、隣の研究室から苦情が「夜中に洗面所で頭を洗っている」「奇声が聞こえる」など #utmc1
1429868991000,感情認識　#utmc1
1429868990000,世界初の感情認識パーソナルロボット #utmc1
1429868987000,オタクのプロジェクト大丈夫か？ #utmc1
1429868987000,#utmc1
1429868985000,お宅という言葉に敏感すぎTL #utmc1
1429868982000,そんなこんなを経てpepper完成 #utmc1
1429868982000,プロジェクト室から絶叫、怒号、歓声などの叫び声が聞こえてくる #utmc1
1429868981000,頭おかしいのではという苦情が #utmc1
1429868980000,アーーーーーーーーーーーーーーーーーーーーーーーーーーーーーウンチーーーーーーーーーーーーーーーーーーーーーーーー！！！！！！！！ #utmc1
1429868980000,オタクのプロジェクト　#utmc1
1429868977000,Pepperに感情を教え込む作業 #utmc1
1429868974000,叫び声がきこえる研究室だ…… #utmc1
1429868974000,オタク #utmc1
1429868968000,「オタクのプロジェクト」 #utmc1
1429868968000,オタクのプロジェクトは大丈夫か？ｗ #utmc1
1429868965000,喜んでいる演技をしてテスト #utmc1
1429868964000,隣室からの奇声 #utmc1
1429868964000,奇声・騒音 #utmc1
1429868960000,「叫び声が聞こえる」 #utmc1
1429868953000,徹夜は身体こわしそう　#utmc1
1429868950000,感情認識ロボット #utmc1
1429868949000,フランス製なんだなあ #utmc1
1429868942000,この人ちょっと鷹の爪団みたいな声してるな #utmc1
1429868936000,「みなさんの研究室だと徹夜とかあると思うんですけど」 #utmc1
1429868933000,研究室で徹夜は普通 #utmc1
1429868932000,皆さん徹夜すると思いますけど #utmc1
1429868932000,研究室では徹夜とかあると思うんですけど... #utmc1
1429868930000,会社の中で徹夜 #utmc1
1429868925000,徹夜はおかしい #utmc1
1429868924000,2014.06.04 Pepper発表 #utmc1
1429868922000,二年間喋らない　#utmc1
1429868913000,ソフトバンクアカデミアがロボットを作っているのはシークレットだった #utmc1
1429868912000,アカデミアから転職して、2年間（ロボットをやってるという情報はシークレットだったので）何も言わなかった #utmc1
1429868909000,発表一年弱も前だったか #utmc1
1429868891000,水戸黄門?....ガチンコ?.....やっぱりチンコじゃないか！！（憤怒）#utmc1
1429868884000,なんにも喋れなかった #utmc1
1429868880000,2年の沈黙 #utmc1
1429868879000,拡散電流かな？#utmc1
1429868876000,ま〜た転職だよ #utmc1
1429868876000,なぜソフトバンクアカデミアに？空力エンジニア→個人でどれだけ成績を出してもチームでは勝てない！→フラストレーショントヨタの製品企画のサブリーダー的立ち位置 #utmc1
1429868876000,なんだ今日pepper君来ないんだ～ #utmc1
1429868866000,製品企画 (助さん格さん ) #utmc1
1429868848000,水戸黄門はチーフエンジニア #utmc1
1429868835000,聞きに行けばよかったかな？ #utmc1
1429868829000,始まっているのか #utmc1
1429868826000,確かに講義で少し話が出ていましたね…… #utmc1
1429868816000,アカデミア……？ #utmc1
1429868815000,はじまた #utmc1
1429868814000,ヒューマニックチンポロボット #utmc1
1429868814000,レポートうんぬん聞いてなかった #utmc1
1429868797000,ソフトバンクロボティクス #utmc1
1429868789000,ロボットの開発リーダーの方元々は空気力学（エアロダイナミクス）エンジニア #utmc1
1429868789000,思いついてちょろんと始めた #utmc1
1429868787000,RT @sy_friction: メディコンはじまるよー #utmc1 http://t.co/8Eyqmre9kq
1429868776000,RT @sy_friction: メディコンはじまるよー #utmc1 http://t.co/8Eyqmre9kq
1429868772000,エ　ア　ロ　ダ　イ　ナ　ミ　ク　ス #utmc1
1429868761000,「ワタシロボット」#utmc1
1429868758000,pepper #utmc1
1429868755000,「ヒューマニックロボットがある世界ってどんな世界なんだろう」がテーマ #utmc1
1429868754000,㋔㋟㋗！は集まるとうるさいのである。結局のところ、㋔㋟㋗！が忌み嫌うリア充のウェイ達と何も変わらないのである。 #utmc1
1429868748000,よろしくお願いしまーす #utmc1
1429868744000,文系いるのか #utmc1
1429868742000,#utmc1 #utmc1
1429868739000,「pepperがもたらす新たな可能性」 #utmc1
1429868738000,#utmc1
1429868736000,よろしくお願いします #utmc1
1429868730000,打ち間違え多いです #utmc1
1429868717000,それでは時間になりましたので始めたいと思います #utmc1
1429868714000,また #utmc1
1429868713000,2回目 : Pepperがもたらす新たな可能性 #utmc1
1429868709000,はじまる #utmc1
1429868704000,RT @sy_friction: メディコンはじまるよー #utmc1 http://t.co/8Eyqmre9kq
1429868697000,#utmc1 のため爆速連投します八時半までですタグミュート推奨
1429868695000,pepper がもたらす新たなp possibility! #utmc1
1429868682000,pepperくんの顔 #utmc1
1429868677000,今回は実況控えてまとめに注力します #utmc1
1429868676000,RT @sy_friction: メディコンはじまるよー #utmc1 http://t.co/8Eyqmre9kq
1429868638000,めでぃこんこん #utmc1
1429868637000,RT @sy_friction: メディコンはじまるよー #utmc1 http://t.co/8Eyqmre9kq
1429868634000,メディコンはじまるよー #utmc1 http://t.co/8Eyqmre9kq
1429868615000,#utmc1
1429868614000,「Pepperがもたらす新たな可能性」 #utmc1
1429868609000,最近おはスタでpepperがmcやってるのに気づいて驚いた #utmc1
1429868581000,やっと一週間が終わる。#utmc1
1429868555000,Pepper君本人は来ないのかな #utmc1
1429868547000,関係ないツイートをしない！ #utmc1
1429868534000,おなかへった #utmc1
1429868502000,講演者のMac率を求めよ #utmc1
1429868465000,MSのは行こうかな #utmc1
1429868460000,よっしゃつぶやくぞい #utmc1
1429868392000,「Pepperニコニコ超会議で何すんねん」って思って調べたら「Pepperと対戦ゲームやってみた」とか「Pepper同士で会話させてみた」とかなるほどって感じと思ったら「Pepperに懺悔してみた」とか「Pepperにお祓いされてみた」とかも出てきて何なんだこれ　#utmc1
1429868364000,先週金曜のTwilog見たら、一日で142ツイートしてて、うち106ツイートが #utmc1 の内容だった
1429868341000,さあさあメディアコンテンツ特別講義の時間がやってまいりました #utmc1
1429868298000,#utmc1 http://t.co/zWNRk1WfVK
1429868295000,pepperって20万で買えるのか　安いな　#utmc1
1429868291000,茶道部員達の学科での人間関係を上の席から俯瞰している #utmc1
1429868253000,んw 明日じゃんw #utmc1 http://t.co/f2Ce7t6W6D
1429868166000,pepperってあの不気味な動きするロボットか　#utmc1
1429868124000,#utmc1
1429868121000,それはそう #utmc1 http://t.co/0lxFMmIA9k
1429868116000,http://t.co/UlpAMsk0Gq #utmc1
1429868059000,今日はpepperくんが講義テーマと聞いて検索かけたら「ニコニコ超会議2015に参戦！」とか出てきて何かワロタ #utmc1
1429868040000,pepper君きもいからきらい #utmc1
1429867981000,キレてる #utmc1 http://t.co/OLM89l1psk
1429867949000,#utmc1 http://t.co/Xi2J5WQhjh
1429867777000,メディコンとかいう講義、㋔㋟㋗イベントとあまり変わらないといった情勢だ #utmc1
1429867753000,なう #utmc1
1429867737000,履修登録で変更し忘れ、どうも訂正期間がないらしいので特許法から引っ越して来ました #utmc1
1429867350000,#nemui #utmc1
1429866920000,割と早めに教室きたつもりがすでにそれなりに人いて驚き #utmc1
1429866166000,#utmc1 http://t.co/BPeKbRk9PW
1429866146000,test #utmc1
1429866146000,テスト #utmc1(Dutch)
1429866145000,test #utmc1
1429866137000,Operatorsubquery #utmc1
1429866132000,Operatorsubquery #utmc1(Greek)
