1430484167000,RT @sdkzA: 東京大学工学部金曜6限の授業内容です。ご確認ください。 #utmc1 http://t.co/vNiDUjqOCF
1430483930000,RT @zinbeidango: この講義、自分のインナー小学生が大暴れしてるからツイハードルがガバガバなんだよな 許して #utmc1
1430482027000,RT @sdkzA: 東京大学工学部金曜6限の授業内容です。ご確認ください。 #utmc1 http://t.co/vNiDUjqOCF
1430481275000,@Zir_Archylte 講義の内容自体は #utmc1 でほぼ追えるけどPVとかあったし面白かったよー
1430481121000,RT @sdkzA: 東京大学工学部金曜6限の授業内容です。ご確認ください。 #utmc1 http://t.co/vNiDUjqOCF
1430481087000,RT @sdkzA: 東京大学工学部金曜6限の授業内容です。ご確認ください。 #utmc1 http://t.co/vNiDUjqOCF
1430480453000,RT @suzu1592: #utmc1 #FFXVCOLLA http://t.co/mh5erw2QyP
1430480057000,RT @taka_acero_eeic: 講師「iPhone持ってる人！」(生徒たくさん手を挙げる)講師「Android持ってる人！」(生徒たくさん手を挙げる)俺「」(おもむろにガラケーを取り出す)#utmc1
1430480030000,RT @sdkzA: 東京大学工学部金曜6限の授業内容です。ご確認ください。 #utmc1 http://t.co/vNiDUjqOCF
1430479816000,RT @sdkzA: 東京大学工学部金曜6限の授業内容です。ご確認ください。 #utmc1 http://t.co/vNiDUjqOCF
1430479716000,#utmc1 でキングダムハーツの話出たの！？
1430479642000,RT @y_pigeonmilk: 誰だよその場でWikiを編集したのww #utmc1 http://t.co/MTYVMwHzBR
1430479353000,RT @y_pigeonmilk: 誰だよその場でWikiを編集したのww #utmc1 http://t.co/MTYVMwHzBR
1430479307000,技術的な質問確かにないなと納得しかけたけどプロデューサーに対する質問としては失礼なのを除けばそんなに間違ってるのなかったと感じた #utmc1
1430479143000,RT @y_pigeonmilk: 誰だよその場でWikiを編集したのww #utmc1 http://t.co/MTYVMwHzBR
1430479011000,4k対応でもアニメーションの制作現場が悲鳴を上げてるって言うし、ゲーム制作でも高解像度はつらいんでしょうね #エア #utmc1
1430478942000,RT @y_pigeonmilk: 誰だよその場でWikiを編集したのww #utmc1 http://t.co/MTYVMwHzBR
1430478919000,FFの動画観てぼーっとしてたら終わった #utmc1
1430478884000,楽しかったが、内容があるかと言われたら無かった #utmc1
1430478848000,RT @y_pigeonmilk: 誰だよその場でWikiを編集したのww #utmc1 http://t.co/MTYVMwHzBR
1430478750000,誰だよその場でWikiを編集したのww #utmc1 http://t.co/MTYVMwHzBR
1430478716000,なんやかんや楽しかった #utmc1
1430478714000,先週のレポートは、学部生は向かって左の黄色い鳩サブレの箱、院生は右の透明の箱に提出して下さい。 #utmc1
1430478690000,お疲れ様でした #utmc1
1430478686000,感想どうすれば良いんだ... #utmc1
1430478683000,めちゃ必死で書こうとしてた #utmc1
1430478676000,KOGI NO OWARI #utmc1
1430478675000,お疲れ様でした #utmc1
1430478675000,RT @mmold_ut: トレンド入り #utmc1 http://t.co/efgKi9L7vy
1430478673000,これ次回提出なのか #utmc1
1430478666000,おわり #utmc1
1430478665000,ありがとうございました #utmc1
1430478661000,最後の人しか名乗ってないのか… #utmc1
1430478660000,今日は質問が回りくどいというか語りが多い印象 #utmc1
1430478650000,ぱちぱちぱちぱちぱちぱちぱち👏👏👏👏👏👏👏 #utmc1
1430478649000,今日はいいメディコンだった #utmc1
1430478642000,A16. 3年前ほどそういうアイテム課金がやり過ぎで「ゲームの切り売りだ」と批判がされることがありました。ちゃんと単体でゲームを満足させて、「もっとやりたい」と思う人に売れるようなダウンロードコンテンツにしていきたい思います。 #utmc1
1430478640000,#utmc1  「世界の中でGTA５のようなゲームは日本では技術がなくてもう作れないっという言説がありますが、実情ではどうですか」みたいなこと聞きたい
1430478627000,とりあえず4を借りる予定です #utmc1
1430478627000,@potato_omom 聞いてみたい #utmc1
1430478623000,DLCが切り売りかそうでないかのバランス #utmc1
1430478609000,デデデ氏初めて知った #utmc1
1430478606000,完全版商法 #utmc1
1430478602000,【質問】僕は実はFFをやったことがありません。どのタイトルをやってみたらいいでしょうか。 #utmc1
1430478596000,批判やめろ〜 #utmc1
1430478593000,Q16. ダウンロードコンテンツの話が先ほどありました。ユーザー側の気持ちとすれ違いがあるのではないか。すなわち製作者側としてはダウンロードコンテンツをドンドン出していくが、ユーザーからすれば「クソ、完全版をだせ」となるでしょう。どうするの？ #utmc1
1430478593000,有終の美でデデデ氏 #utmc1
1430478584000,デデデ特定祭りだぞ！！！！！！ #utmc1
1430478584000,デキるeeicの学生は名乗る　#utmc1
1430478582000,デデデだ！ #utmc1
1430478581000,デデデ？　#utmc1
1430478578000,デデデ#utmc1
1430478576000,ファイナルクエスチョンとファイナルアンサーをどうぞ #utmc1
1430478572000,司会ぉこ #utmc1
1430478569000,dededededededededede #utmc1
1430478568000,RT @potato_omom: フ　ァ　イ　ナ　ル　デ　デ　デ #utmc1
1430478568000,は？ファイナル？ #utmc1
1430478568000,名乗っていくデデデ #utmc1
1430478565000,ktrgw先生「ファイナルです」 #utmc1
1430478565000,あんまり技術的な説明がなかったからなぁ． #utmc1
1430478563000,名乗るの偉い #utmc1
1430478563000,フ　ァ　イ　ナ　ル　デ　デ　デ #utmc1
1430478558000,この人ファミコン名人だったのか#utmc1
1430478558000,橋本名人 #utmc1 http://t.co/oFmTjZxQKk
1430478556000,ファイナルです #utmc1
1430478555000,デデデデデデデデデデデデ #utmc1
1430478554000,ファイナル　クエスチョン #utmc1
1430478552000,偉い #utmc1
1430478550000,「一番高く手を上げた人」 #utmc1
1430478548000,ファイナルですｗｗｗｗｗｗｗｗｗｗ #utmc1
1430478544000,(Youtuberとして)何年も前に、ゲームが得意というキャラクターが売りになる「名人」というコンテンツはどのように発想されたのか。#utmc1
1430478541000,これが最後です #utmc1
1430478538000,ラストの質問 #utmc1
1430478527000,名人って商売復活してほしい #utmc1
1430478522000,A15. 当時、ゲームに限らずエンタメが好きだった。楽しかった。そこでデバッグを何時間もやっていると得意になってしまうし、ゲームの良さもわかってくる。その特徴を活かしてやっていたらいつのまにか名人というポジションになっていた。 #utmc1
1430478519000,ゲームのデバッガーはつらい #utmc1
1430478508000,ブレイブリーデフォルトやりましょ　#utmc1
1430478494000,TLを沸かせるような質問しような！ （僕にはできないのでおねがいします）#utmc1
1430478494000,デバッガー　#utmc1
1430478478000,目の前に高橋名人がいたらビックリだよ #utmc1
1430478477000,なんか今日の #utmc1 は質問がひどい #utmc1
1430478476000,名前を間違えない×（ぜんぜん違うじゃんｗ） #utmc1
1430478462000,やったことのないゲーム、詠んだことのない本、観たことのない映画を埋めるためだけに使える時間がほしい半年くらい #utmc1
1430478459000,Q15. バンダイ時代のことを。なぜ橋本名人としてやっていたのか。ゲームが得意だったから？ #utmc1
1430478459000,ちょっと人間違えないでよｗ　#utmc1
1430478454000,そろそろまともな質問が聞きてぇな #utmc1
1430478447000,高橋名人さん、橋本名人さん #utmc1
1430478444000,高橋名人さん… #utmc1
1430478442000,？？ #utmc1
1430478442000,プレゼンで技術的な話が多ければそういう質問もあったんだろうけど #utmc1
1430478441000,そこの黒い人いっぱいいるだろ#utmc1
1430478440000,パ長part2 #utmc1
1430478430000,正直いまの質問めちゃめちゃ緊張した#utmc1
1430478430000,クレーム以外w #utmc1
1430478427000,「コンテンツに対するクレーム以外の質問をお願いします」 #utmc1
1430478422000,「コンテンツに対するクレーム以外の質問」 #utmc1
1430478420000,コンテンツへのクレーム以外を質問してください #utmc1
1430478419000,コンテンツのクレーム以外の質問をお願いします． #utmc1
1430478417000,コンテンツの批判以外でお願いします。 #utmc1
1430478416000,コンテンツに対するクレーム以外の質問 #utmc1
1430478416000,諦めてはいないけどクリエイターが追いついていない #utmc1
1430478415000,”””コンテンツに対するクレーム以外の質問を”””” #utmc1
1430478413000,コンテンツに対するクレーム以外 #utmc1
1430478411000,A14. 現在のゲームは、大量の人間を使う。したがって、同時に何本もゲームを作ることができない。だからすばせかをあきらめているのではなく、いま別の方で頑張っているのです。 #utmc1
1430478411000,世で言うところの名作ゲームというのはやってみたい #utmc1
1430478409000,ゲーム１本に会社のほとんどの人員が取り組む必要がある現代において複数タイトルの続編を同時に開発するのは困難#utmc1
1430478404000,すばせかは好きだよ　#utmc1
1430478383000,数人でゲームを作ろうな #utmc1
1430478368000,Q14（つづき）. 新しいエンジンを使いこなすのにランニングコストがかかるとおっしゃっていましたが、グラフィックの研究もスクエニはやっていると思います。このような強いゲームは、スクエニさんのような大手のところからしか出ないのでしょうか。 #utmc1
1430478362000,アイデアの詰まったゲームはスクエニからこれから出ないのか？ #utmc1
1430478361000,質問とは何なのか　 #utmc1
1430478360000,どういうことなんだ #utmc1
1430478358000,小さい頃にディスクチェンジを父親にさせられて"やばい"ゲームだと思ったためにFFはやっていない #utmc1
1430478357000,続編リクは質問ではない！！！ #utmc1
1430478357000,ゲームオタクの悲痛な叫びばかり聞こえてくるな #utmc1
1430478357000,アゾソンだと思った…… #utmc1
1430478351000,ブレイブリーデフォルト #utmc1
1430478349000,ぅぇ氏なの？ #utmc1
1430478348000,ぅぇ氏か #utmc1
1430478341000,僕の大好きなすばせか #utmc1
1430478325000,「すばらしきこの世界の続編を出せ」 #utmc1
1430478321000,すばせかは神ゲーだった #utmc1
1430478316000,すばせか続編出せ問題　#utmc1
1430478315000,オタクは自分語りをしがち #utmc1
1430478314000,すばせか #utmc1
1430478314000,ア　ゾ　ソ　ン #utmc1
1430478313000,お、すばせかの話来たな #utmc1
1430478308000,お、すばせかファンーーーーー #utmc1
1430478307000,Q14. FFのディスクチェンジをする姿をみて「これはやばいな」と思ってやっていません。ところで「すばせか」が好きです。なんで続編が出ないんですか。 #utmc1
1430478307000,すばらしききのこのせかい #utmc1
1430478307000,アゾソンｗｗｗ #utmc1
1430478300000,すばらしきデデデ #utmc1
1430478296000,ディスクチェンジが”やばいな”と感じた #utmc1
1430478291000,#utmc1  まともな質問してくれ（FF自体には興味ないんじゃ）
1430478289000,「僕はやってないです」 #utmc1
1430478288000,FFをやれ #utmc1
1430478280000,””父がFF好き”” #utmc1
1430478269000,FF7のリメイクを出す時はFFが終わる時って昔アルティマニアで読んだな #utmc1
1430478266000,質問はいつも一つ！ #utmc1
1430478261000,挙手の高さで決めるのか・・・　 #utmc1
1430478257000,質問は1人ひとつ！ #utmc1
1430478255000,質問はひとりひとつ　#utmc1
1430478253000,「質問は一人一つ」 #utmc1
1430478252000,質問は一人一つ #utmc1
1430478252000,ハードの進化によって開発が簡単になることはなくより困難になる#utmc1
1430478251000,質問は一人一つ #utmc1
1430478250000,質問はひとりひとつ。 #utmc1
1430478246000,楽しみにしてる人だった #utmc1
1430478243000,A13. エンジンの技術が上がっていくと、開発者の方もかなり苦労するようになる。開発者もつらいんです。だからそこに時間がかかっているとも思います。 #utmc1
1430478242000,ゲームエンジンの性能が上がるとより良いクオリティで提供したくなる→難易度が高くなる #utmc1
1430478233000,作ってるうちにハードの力が上がりすぎてコンテンツ制作が無限に追いかけることになる？ #utmc1
1430478211000,メディアコンテンツ特別ファンイベント #utmc1
1430478211000,Q13. ヴェルサス（FF15）が遅れていたのは、技術的な問題ですか？ #utmc1
1430478203000,質問者24歳！？ #utmc1
1430478184000,versus = FF15 #utmc1
1430478179000,Q12（つづき）. 本編が作れてないので、とりあえず本編から頑張っています。 #utmc1
1430478179000,パ長FF4貸してな #utmc1
1430478177000,トレンド入り #utmc1 http://t.co/efgKi9L7vy
1430478175000,質問者「皆さんいろいろFF13を悪く言っていますが，私はめっちゃ好きです！」講師「そうですよね～！言ってくださいよ～！！」#utmc1
1430478174000,テンション高いなぁ #utmc1
1430478174000,やっぱりこのテーマだとぶっ飛んだ質問者多いな #utmc1
1430478170000,#utmc1 の実況すげえおもろい
1430478169000,さすがパ長 #utmc1
1430478168000,失礼なオタクが多いな #utmc1
1430478167000,これが宗教戦争か #utmc1
1430478166000,Q12. ハイエンドの作品を作るときに、今の時代ハイエンドだけでは売れないのですが、今15でどのような展開を考えてますか。 #utmc1
1430478164000,質問は回答者を持ちあげるほうがいいと思うよ #utmc1
1430478164000,技術的な質問ないな #utmc1
1430478158000,versusやagitoといった黒歴史 #utmc1
1430478157000,あげて落とす#utmc1
1430478150000,ﾊﾅｶﾝｼｬの流れを打ち切って13ａｇｅてきた　#utmc1
1430478148000,FF13好きです、まだクリアしてないけど #utmc1
1430478146000,上げて落とす #utmc1
1430478143000,盛り上がる橋本さん #utmc1
1430478142000,13大好きなんで！！！！！！ #utmc1
1430478136000,ヨイショきたな #utmc1
1430478136000,戦争だ #utmc1
1430478135000,宗教戦争だ　#utmc1
1430478135000,「13好きなんですよ」 #utmc1
1430478133000,そーうですよね #utmc1 #utmc1
1430478125000,シリーズをこんなに出し続けているゲームタイトルは他にない。1-15全作品をプレイして欲しいからリメイクを作っている、いわば図書館のようなもの。 #utmc1
1430478125000,「え」じゃん #utmc1
1430478123000,お疲れ様でしたwwww #utmc1
1430478122000,お疲れ様でした　#utmc1
1430478121000,「お疲れ様でした」 #utmc1
1430478119000,古いのを新しい環境でできるっていうのは推奨すべきことだと思う #utmc1
1430478117000,終わりか？！？ #utmc1
1430478117000,お疲れさまでした #utmc1
1430478115000,RT @Nodepuiw: 要せ。 #utmc1
1430478113000,過去を作りながら未来を作っている #utmc1
1430478111000,この授業受けてる限り毎週ladygoみかしー回聴けないんだよね #utmc1
1430478107000,15シリーズ続いてるゲームって他に本当にないのだろうか #utmc1
1430478107000,A11（つづき）. 図書館みたいなものです。ライブラリを常に用意しておきたいなと思っているのです。過去を整理しながら未来を作っている、と思っていただければよいです。 #utmc1
1430478099000,トレンドだ #utmc1
1430478089000,A11. 過去の作品と未来の作品を常に両方やってます。おそらく世界的に見ても15本もやってるタイトルがない。昔の作品をやってほしいなって思うから過去のものを現代の環境に合うように、評価が低いのは悔しいですが、作りなおしています。 #utmc1
1430478086000,ポケモンみたいな完全リメイクして欲しいんだよな.. #utmc1
1430478077000,なんやかんやリメイクは嬉しいよね 　#utmc1
1430478076000,イショティを通して質問しよう（提案） #utmc1
1430478069000,安値でアーカイブしてくれ……ファミコン画質でいいから…… #utmc1
1430478052000,昔の過去のレガシー #utmc1
1430478049000,「FF7はリマスターよりリメイクしろ」(超意訳) #utmc1
1430478048000,#utmc1
1430478040000,誰かいい質問をしてくれ #utmc1
1430478039000,質問の場が，だんだん，過去の作品のdisになっているような気がするけど，気のせいかww　#utmc1
1430478033000,「過去のレガシー」クソ面白い #utmc1
1430478028000,真面目に聞き、要点を拾ってあげようとする講演者偉い #utmc1
1430478028000,質問の意味がわからない #utmc1
1430478021000,要せ。 #utmc1
1430478021000,質問が下手 #utmc1
1430478016000,「過去のレガシー」（二重表現） #utmc1
1430478016000,質問タイムというか意見表明タイムになってる(気持ちはわかるが)　#utmc1
1430478015000,RT @Ishotihadus: Q11. HDリマスターがお世辞にもあまり評価が芳しくない。完成度が高いと言えない。過去の遺産に（作りなおすなどの）投資してもリターンが少ないんでしょうか。 #utmc1
1430478014000,「質問の意図がわかりかねますね（半ギレ）」 #utmc1
1430478014000,言葉の意味をなしてなさ #utmc1
1430478012000,RT @Nodepuiw: 開発者に個人的なゲームレビューするのヤベえなあ #utmc1
1430478010000,質問がまとまってないのに質問しちゃう人 #utmc1
1430478009000,すたーれちゃ様 #utmc1 にいるの
1430478004000,Q11. HDリマスターがお世辞にもあまり評価が芳しくない。完成度が高いと言えない。過去の遺産に（作りなおすなどの）投資してもリターンが少ないんでしょうか。 #utmc1
1430478001000,クリティカルな意見とネガティヴな意見は違うぞ #utmc1
1430477998000,オタクの得意な失礼な質問だ！ #utmc1
1430477997000,飲み屋で管を巻く人かな？ #utmc1
1430477995000,質問をまとめてから喋ろうな #utmc1
1430477994000,開発者に個人的なゲームレビューするのヤベえなあ #utmc1
1430477994000,今回みんなFF好きすぎてFFのファンイベントみたいになってる #utmc1
1430477988000,おやおや#utmc1
1430477984000,Disマン多すぎるｗ　#utmc1
1430477984000,「レガシー」再出 #utmc1
1430477978000,disの流れやめよう #utmc1
1430477978000,自分の中でまとまってないのに質問する人たちな #utmc1
1430477976000,焼き直し商法disだ #utmc1
1430477968000,dis #utmc1
1430477966000,渋い顔 #utmc1
1430477962000,””HDリマスターの評価が低い”” #utmc1
1430477941000,ファルスのパルシがコクーンでパージだっけ？ #utmc1
1430477940000,技術的な内容無いんだもん... #utmc1
1430477935000,「技術的なリクエストを・・・」 #utmc1
1430477933000,FF買いたいけどハードも買わないとなんだよなあ… #utmc1
1430477931000,「鳥山求められない」の話な #utmc1
1430477926000,同じ一本道でも話ちゃんとすれば10みたいに高評価になるからなあ　#utmc1
1430477925000,A10. そういう世界の皆さんの声を糧に、我々も次に向かって頑張っていこうと思います。100%の満足をエられないのは残念ですが、そういったメッセージを受け止めて製作者ともども頑張っていきましょう。 #utmc1
1430477917000,FF13っていう一本道ゲーム…　#utmc1
1430477917000,おまえにシナリオ柿の何がわかるんや……正論だけどさ #utmc1
1430477916000,なんだっけ、鳥山求さんだっけ #utmc1
1430477911000,FF13のストーリー… パルスがファルシでルシがうんたらかんたら #utmc1
1430477907000,まあ一本道だから… #utmc1
1430477905000,単に脚本disじゃんｗ #utmc1
1430477900000,流石にかわいそうww #utmc1
1430477900000,「最近のFFはストーリーに感動が見られない」 #utmc1
1430477895000,13wwwww #utmc1
1430477892000,好みじゃろw #utmc1
1430477890000,FF13ストーリーdisだ　 #utmc1
1430477888000,13dis #utmc1
1430477887000,Q10. 13をやってみて、グラフィックや音楽がいいなと思ったのですが、ストーリーがちょっとザコ。もうちょっと強化してよ。 #utmc1
1430477884000,デデデなにか反論は？ #utmc1
1430477884000,wwwwwwwwwwwwww #utmc1
1430477882000,13disクソ笑う #utmc1
1430477881000,FF好きってこの会場で声に出すの憚られるな #utmc1
1430477880000,お、煽りか？ #utmc1
1430477880000,ストーリーに難癖をつけていくオタク #utmc1
1430477877000,おっと13ディスかな？　#utmc1
1430477847000,講師の身内を呼び捨てか…すげえな #utmc1
1430477845000,A9. ディレクターがゲームを作る方向性をあげます。このゲームの方向性に合うのは誰だろう、ということをディレクターやシナリオなど、現場メンバーで協議して決めています。 #utmc1
1430477838000,オタクの話じゃなくてグロースハックの話しようぜ #utmc1
1430477837000,オタクを怒らせると怖い #utmc1
1430477812000,Q9. FFの音楽がとても大好きです。作品が進むに連れて、植松伸夫ではない新しい先生になってきていますが、どういう視点をもって新しいメンバーにしているのか。 #utmc1
1430477811000,RT @Nodepuiw: #utmc1 http://t.co/iFNPaphejU
1430477804000,植松さんを呼び捨てにするな #utmc1
1430477801000,くんたおおごって #utmc1
1430477801000,メンバーを呼び捨てしていくオタク #utmc1
1430477801000,Star Wars Battlefront Reveal Trailer https://t.co/iinTugflc3 via @YouTube#utmc1
1430477801000,呼び捨てやめろ #utmc1
1430477799000,@iamkuntao なにのストーリーをふられても返さなきゃいけないのが大変そう #utmc1
1430477798000,知識をひけらかしていけ #utmc1
1430477797000,バイオとかそれなりだし、実写でいいんじゃ #utmc1
1430477793000,なんかオタクっぽい #utmc1
1430477790000,劇場でプレイとかできたら面白そう。 #utmc1
1430477784000,バイオはそこそこ映画成功した方では #utmc1
1430477784000,#utmc1 http://t.co/iFNPaphejU
1430477780000,RT @la_float: ゲームを映像化して成功した例を知りたい #utmc1
1430477779000,まあでもこのグラフィック持ってゲームだけってのはもったいないとは思うよね　#utmc1
1430477774000,ゲームやりたみがクソ高まるな　#utmc1
1430477773000,A8（つづき）. スターウォーズの最新作などを見て頂いてもわかりますが、実写もCGもわからなくなってきているので、我々も研究を続けています。 #utmc1
1430477771000,例によってトレンド入り#utmc1
1430477767000,FF7の外伝は基本全部面白いよなあ #utmc1
1430477756000,ゲームを映像化して成功した例を知りたい #utmc1
1430477751000,@iamkuntao 任意のストーリーを知っていれば行けそう #utmc1
1430477749000,A8. なかなかゲームから映画産業が綺麗に成功したというものはない。劇場公開ができたというだけで良かった。世界の全体で公開する、というのはなかなか厳しいので、自分たちの得意なところでやってからにしようかなと思います。 #utmc1
1430477741000,FFをやろうと心に決めた(時間がない) #utmc1
1430477735000,FF 映画　うっ　#utmc1
1430477733000,アドベントチルドレンは良かった　#utmc1
1430477728000,FF映画はスクエニの古傷がうずいてしまうからやめてあげて！  #utmc1
1430477721000,もう１回映画やったら倒産しそう #utmc1
1430477715000,RT @Ishotihadus: Q8. FFの映画の話がありました。僕はあまり詳しくなくそんなにゲームをすごくやりこんだというわけではないが、FFはすごくCGが綺麗だと思う。アニメーションとかは作らないんですか。 #utmc1
1430477701000,Q8. FFの映画の話がありました。僕はあまり詳しくなくそんなにゲームをすごくやりこんだというわけではないが、FFはすごくCGが綺麗だと思う。アニメーションとかは作らないんですか。 #utmc1
1430477699000,映画の話を蒸し返すオタクだ #utmc1
1430477693000,Q「キングダムハーツ新作はやく出してください」A「ドキッW　はーい作りまーすW」 #utmc1
1430477692000,？？「じゃぶじゃぶ課金したくなるような射幸心を煽る文章」 #utmc1
1430477686000,※#きゃりーぱみゅぱみゅ が小学生 #ジュニアアイドル （エロ）出身だったなんてショック。⇒http://t.co/5vyum6deCt#原宿系 は演出？#ガルアワ #モデルプレスガルアワ #恋愛 #ゼクシィ #モデルプレス #女子力 #10代全員RT #怖い話 #utmc1
1430477685000,Q.キングダムハーツまだ？A.つくりまーすがんばりまーす#utmc1
1430477683000,キンハーの催促 #utmc1
1430477682000,やっぱあれだけ本数売っても売りっぱなしでは回収できないのね。 #utmc1
1430477682000,地雷の話だ... #utmc1
1430477674000,確かに「作ってる」発言あった #utmc1
1430477674000,黒歴史に踏み込むマン #utmc1
1430477671000,「キングダムハーツ早く作って！」「ドキッ」 #utmc1
1430477665000,「あ、はいキングタムハーツですねはい作ってまーすはい作りまーす」 #utmc1
1430477664000,ゲームやらない身からすると3000円でも高いわ。ゲーム一本でメインSSSのチケット買えるわ。 #utmc1
1430477662000,「キンハーをだせ」#utmc1
1430477660000,ファよさんもTAなんですね #utmc1
1430477660000,@hm0088_ 夜フクロウにはしないの？ #utmc1
1430477658000,キングダムハーツの新作早く作って #utmc1
1430477655000,キングダムハーツなあ #utmc1
1430477649000,KH3もPS4買うトリガーになるよ #utmc1
1430477647000,「キングダムハーツシリーズの新作をはやく」 #utmc1
1430477646000,RT @Ishotihadus: Q7. キングダムハーツの新しいのを作れ。A7. がんばります。 #utmc1
1430477643000,キングダムハーツか #utmc1
1430477642000,KH3早く出せ、わかる #utmc1
1430477642000,キングダムハーツ作りま〜す #utmc1
1430477640000,メディコンで100以外の点数をつけながら、なぜここで減点しているのかなって思う。 #utmc1
1430477637000,Q7. キングダムハーツの新しいのを作れ。A7. がんばります。 #utmc1
1430477635000,今なんの質問したの？ #utmc1
1430477622000,5000円って魔法石85個って考えると安いな？　#utmc1
1430477619000,DLCは時代の流れなのか… #utmc1
1430477617000,ジャブジャブ課金したくなるような #utmc1
1430477612000,9k出してえっちなッゲームかってる人もたくさんいるんだぜ #utmc1
1430477606000,あーDLCの質問しようと思ったけど今若干言われた #utmc1
1430477605000,DLCは良くない！やめよう！！！ #utmc1
1430477604000,A6. 昔は12k程度で売っていて潤っていたが、今は全体のデフレの中で6.8k〜8.8kくらいで売って、追加のダウンロードコンテンツとかにしようかとか、続きはスマホで課金してとか、そういう感じのビジネスを展開している。HDだけでは厳しい。 #utmc1
1430477604000,DLC商法… #utmc1
1430477603000,「課金しろキモオタ」 #utmc1
1430477602000,ゲームへの感謝を忘れない人だ… #utmc1
1430477601000,DLC商法だ！！！！ #utmc1
1430477595000,ゆのっちかわいい #utmc1
1430477588000,FF13(9240円) #utmc1
1430477587000,でも万越えのゲームはごく一部の人しか買わないんだよなぁ #utmc1
1430477581000,申し訳ないけど5000円でも高いと感じる #utmc1
1430477580000,確かに一万円弱で下手すりゃ数年遊べるってのはヤバイ #utmc1
1430477578000,@this3141 変遷を1ツイートに納め忘れました #utmc1
1430477566000,編成というか曲数が多そう #utmc1
1430477557000,確かに一万した時代もあったんだしな #utmc1
1430477556000,Q6. 昔は6k程度の価格が高く感じていたが、今となっては安すぎるのではないかと感じています。CGや音楽など、割ける容量が大きくなっているので、元がとれているのか大丈夫なのか心配です。 #utmc1
1430477556000,→ゲームの価格があまりに安すぎるのではないか #utmc1
1430477544000,おい、ベテランアッピル多すぎやろW #utmc1
1430477535000,steamの100%オフセール #utmc1
1430477533000,ゲームの価格があまりに高すぎるのではないか #utmc1
1430477527000,ﾊﾅｶﾝｼｬの流れが定着してきた #utmc1
1430477514000,RT @Ishotihadus: A5. わりと会社の設備としてリフレッシュする場所をたくさん用意をしている。ずっと目が同じ距離を見ていると固まってしまうので、定期的にリフレッシュする時間を設けています。肩こりもひどくなるので、インドアのエクササイズとかも用意しています。コーチ…
1430477512000,ユーザーへの配慮があるかという質問だと思ったけど違ったのか #utmc1
1430477510000,RT @Ishotihadus: Q5. グラフィックを綺麗にすると目が疲れやすくなったりするでしょう。社内で開発する際、色使いや目の疲れなどは議論されているのですか。 #utmc1
1430477507000,東大は健康的な職場ですか？ #utmc1
1430477506000,@hm0088_ 夜フクロウだとかなり綺麗なんだけどね #utmc1
1430477489000,目の照準距離を一定に保たないために、画角を一定に保ちつつ前後に動いてくれるモニタが求められているのでは！？！？ #utmc1
1430477489000,ゲームは1日1時間（下限） #utmc1
1430477476000,RT @Ishotihadus: Q5. グラフィックを綺麗にすると目が疲れやすくなったりするでしょう。社内で開発する際、色使いや目の疲れなどは議論されているのですか。 #utmc1
1430477475000,お前ut内の眼鏡率見てみろよ #utmc1
1430477473000,A5. わりと会社の設備としてリフレッシュする場所をたくさん用意をしている。ずっと目が同じ距離を見ていると固まってしまうので、定期的にリフレッシュする時間を設けています。肩こりもひどくなるので、インドアのエクササイズとかも用意しています。コーチも来ます。 #utmc1
1430477473000,例えばスクエアエニックスのような大きなすでに成功しているといえるような会社が、広告による収入をスマフォゲームで展開したら何かしらの影響があるのかな意図しないような広告が出るのは不本意だろうけどそこかな #utmc1
1430477470000,RT @mr_temperman: クレーマーかな？ｗ #utmc1
1430477470000,保健の授業じゃないんだよ #utmc1
1430477457000,これ質問意味取り違えてない #utmc1
1430477453000,ゲームで目を悪くする、それが人生 #utmc1
1430477453000,ゲーム10時間くらいやらないと目が疲れない人です #utmc1
1430477441000,クレーマーかな？ｗ #utmc1
1430477432000,テレビゲームは一日一時間 #utmc1
1430477425000,ゲーム開発時に目の疲れにくさは考慮しているか？ #utmc1
1430477423000,よく分からん質問 #utmc1
1430477419000,Q5. グラフィックを綺麗にすると目が疲れやすくなったりするでしょう。社内で開発する際、色使いや目の疲れなどは議論されているのですか。 #utmc1
1430477412000,「結構昔からFFをやっている人間としては〜デュフw」 #utmc1
1430477410000,RT @Ishotihadus: A4-2. アレはバンダイ時代のものだったので今はやめてます。 #utmc1
1430477408000,RT @Ishotihadus: Q4-2. 伊達眼鏡が有名と聞いたのですが、今日はかけてないんですね。なんでですか。 #utmc1
1430477406000,重さ２０Kgの眼鏡を外すことで本来の力を解放してるに決まってんだろ #utmc1
1430477393000,#utmc1 あとで見よ
1430477393000,A4-2. アレはバンダイ時代のものだったので今はやめてます。 #utmc1
1430477390000,えこの人、名人だったのか #utmc1
1430477385000,質問が出ない #utmc1
1430477378000,ところでFF10ノベライズのことに言及するオタクが出たらその頭をブリッツボールにしてやるからな #utmc1
1430477375000,RT @Ishotihadus: Q4-2. 伊達眼鏡が有名と聞いたのですが、今日はかけてないんですね。なんでですか。 #utmc1
1430477366000,いい質問ですね〜 #utmc1
1430477363000,伊達眼鏡www #utmc1
1430477360000,橋本名人 #utmc1
1430477357000,「橋本さん今日はどうして伊達眼鏡かけてないんですか？」 #utmc1
1430477356000,今日は伊達眼鏡かけないんですか？#utmc1
1430477349000,Q4-2. 伊達眼鏡が有名と聞いたのですが、今日はかけてないんですね。なんでですか。 #utmc1
1430477346000,wikipediaで徹底的にサーチしてくる人だ #utmc1
1430477342000,伊達メガネをかけていないのは何故？ #utmc1
1430477338000,伊達眼鏡聞くなwwwwww #utmc1
1430477334000,ネタ質問 #utmc1
1430477333000,中国進出は政府の承認が壁らしい　#utmc1
1430477331000,Wiki #utmc1
1430477330000,Wikipediaで橋本さんを調べてきている人だ… #utmc1
1430477321000,A4-1. 中国のメインランドでは政府の皆さんに承認をもらわなきゃいけなかった。それには多少時間がかかったと思います。 #utmc1
1430477307000,今年中国進出したがその際の障害になった課題は？ #utmc1
1430477301000,Q4-1. 今年やっと中国に進出し、それまでに時間がかかったとききました。なにが最も大きい要因だったのですか？ #utmc1
1430477299000,「中国に進出した時の課題は」 #utmc1
1430477294000,事前情報を得てきている人だ… #utmc1
1430477291000,FFを売るためには、最初数時間や1ストーリーは無料で、そこからは1000円。みたいな感じどうなのかな。 #utmc1
1430477285000,2つ質問するな #utmc1
1430477277000,スマフォを縦持ちしてゲームをしているのは日本だけ(海外では基本横持ち) #utmc1
1430477269000,A3. 本格的なFFをスマホにお届けして、その反応を見たいと思っていた。日本では縦持ちゲームが標準だが欧米では横持ち標準。こんなFFがどこまで日本で戦えるのか、今後を見ていきたいと思う所存である。 #utmc1
1430477269000,横持ち(スクフェス) #utmc1
1430477268000,そうか、スマホ縦持ちするのは日本だけなのか #utmc1
1430477267000,リッチに搾取していこうな#utmc1
1430477261000,記者会見 #utmc1
1430477257000,FFRKはおっさんしかやってないっしょ #utmc1
1430477255000,難しそうだが、あればめっちゃ欲しい #utmc1
1430477254000,RT @JeanMichel_bot: 用心棒に行ってきました。#utmc1 #有益なことをつぶやこう #Appleの新商品 #baystars #お洒落さんと繋がりたい #オリンピック新種目 http://t.co/k6XUBgA6Fa
1430477243000,グラフィック使うアプリはスマホの熱問題解決してからにしてほしさ #utmc1
1430477212000,「はいえんど」 #utmc1
1430477209000,Q3. スマホゲームについて。日本のスマホゲームは市場が成長していると思うが、たとえばパズドラなどガチャを回すなどの、FFが目指す路線とは全然違うでしょう。スマホにはどのようなタイプのFFをのせるのか？ #utmc1
1430477209000,@Segmentation_f 最先端？ #utmc1
1430477207000,スマホでハイエンドは難しいイメージがある #utmc1
1430477205000,日本のスマフォゲームはすごい成長しているけどパズドラとかブラウザゲームのガチャ系の、FFの今までの路線のような購入型ではないのか　スマフォでのハイエンドのタイトルは提供しますか？ #utmc1
1430477203000,ハイエンドってなに #utmc1
1430477199000,ハイエンドFFタイトルをスマホに提供する予定はあるか？ #utmc1
1430477190000,俺ならナナシス挙げる #utmc1
1430477181000,FFコラボ #utmc1
1430477169000,ソシャゲ #utmc1
1430477161000,少なくともASBは動画だけで充分 #utmc1
1430477161000,まあ実況観て楽しんでるなら新作の実況を観るためにもちゃんと投資しような #utmc1
1430477159000,おい、スクフェスと言え #utmc1
1430477154000,Q. ゲームのプレイ動画についてどう思うか。A. 結論は出ていないが、動画に満足しないで新作を買ってほしい♡ #utmc1
1430477143000,もうプレイ動画見ずにゲーム買うことすら稀になったので... #utmc1
1430477140000,質問者の隣の女の子が可愛かった #utmc1
1430477139000,実況プレイについて全面否定はしない。それに触発されてゲーム買ってねと祈るしかない。#utmc1
1430477131000,今週の授業、情報メディア伝達論を思い出して懐かしい #utmc1
1430477125000,私なんかは満足しちゃうしなー(でも買ってほしいらしい) #utmc1
1430477125000,A2. 中古・コピーが絶対ダメか、実況動画が絶対ダメかと言われると、新作を買ってくれるかもしれないし、一概に悪いとはいえない。まあ、せっかくならゲームを買ってね、という話です。 #utmc1
1430477118000,実況動画から入って買っちゃう派だからなんとも言えねえ #utmc1
1430477103000,実況動画の問題 #utmc1
1430477103000,煽っていく流れか！？ #utmc1
1430477100000,実況動画の質問鋭い #utmc1
1430477100000,いい質問 #utmc1
1430477097000,実況動画についてどう思うか #utmc1
1430477095000,実況動画についてどう考えてるか #utmc1
1430477093000,Q2. 中古品や違法コピーに関して。今では実況動画のアップロードがある。それに触発される人もいるし、それだけで楽しめる人もいる。これに関してどう思うか。 #utmc1
1430477091000,よくある質問 #utmc1
1430477088000,すごかった(小並)以外に何書こう #utmc1
1430477085000,実況はグレーだよね #utmc1
1430477082000,実況動画に切り込むマン #utmc1
1430477075000,A. 日本にはバリエーション豊富なゲームのハードがあって分散している面もある。逆にいえば欧米のゲーム会社は当てなければならないという相当なリスクを負っている。日本が劣っているとは思わない。 #utmc1
1430477064000,名前名乗ろうよ #utmc1
1430477059000,国内がな #utmc1
1430477047000,第7世代：2000年代中盤 - 2000年代末のゲーム機(DSなど) #utmc1
1430477045000,欧米型：ハイリスクハイリターン日本：ハードを分散させることでリスクも分散#utmc1
1430477043000,A.「日本は広く浅くやってんのよ、考え方の違い」 #utmc1
1430477042000,感想はスクエニ愛を叫べばいいんじゃないかな #utmc1
1430477040000,A（つづき）. 負けてるのか、と言われますと、まだまだFFを含めて十分叩けると思っています。 #utmc1
1430477038000,授業の感想「グラフィックきれいだなー」 #utmc1
1430477028000,欧米はリスクヘッジがゴミ #utmc1
1430477023000,A（つづき）. だから、単に決算の値ではわからない。欧米の場合は外したら死ぬパターンであるが、日本では分散されているとかんがえることもできる。 #utmc1
1430477021000,RT @egostios: 積極的な授業姿勢(さっきインストールした)#utmc1 http://t.co/Gt7z6Nmo2D
1430477016000,欧米は技術派日本は多様派 #utmc1
1430477014000,欧米がグラフィックに力入れすぎてるだけ？ #utmc1
1430477013000,最初の感想難回のようだ #utmc1
1430476996000,A. 確かに欧米のタイトルには強いものがある。ただ日本は独特だ。たとえばスマホのゲームがこんなにあるのは日本だけ。しかもPSP、DSなど媒体としてもバラエティ豊富である。欧米はハイエンドなものばかり技術を伸ばしていったと考えられる。 #utmc1
1430476986000,あとはTENGAの関係者の話が聞きたいかな #utmc1
1430476980000,感想書くことなさすぎるわかりまくる #utmc1
1430476975000,これ感想に書く内容に困るな… #utmc1
1430476969000,日本は独特、スマホゲーの種類が多い #utmc1
1430476963000,これまじで感想書くこと無さ過ぎてウケる #utmc1
1430476950000,Q「最近の日本のゲーム雑魚くね？」 #utmc1
1430476948000,CoD、アサシン、グラセフ #utmc1
1430476945000,RT @Ishotihadus: Q. おそらく世界のゲーム産業から見ると、日本ほどレガシーを持っている国はないと思う。そしてPS1までは日本が圧倒的優位であったのも事実である。7からはゲームの中心が欧米中心に移っていったのではないか。ただ欧米が強くなったのか。それとも日本が失…
1430476939000,ｲｼｮﾃｨくんつよすぎる #utmc1
1430476935000,@Ishotihadus 334 #utmc1
1430476932000,”難しいご質問” #utmc1
1430476930000,TLで見てるだけでFFやりたみが無限に増してるし生で講義受けてる人はその数倍やりたくなってるんだろうな #utmc1
1430476928000,Q. おそらく世界のゲーム産業から見ると、日本ほどレガシーを持っている国はないと思う。そしてPS1までは日本が圧倒的優位であったのも事実である。7からはゲームの中心が欧米中心に移っていったのではないか。ただ欧米が強くなったのか。それとも日本が失敗していったのか。 #utmc1
1430476928000,日本のタイトルが第七世代ゲーム機で不調の理由は？ #utmc1
1430476913000,(RPGはシステム面でほとんど進化しないのかな...) #utmc1
1430476906000,6までは日本のタイトルとしてしか有名でなかったが，7からはグラフィックが格段に上がり，欧米にも人気が出て，世界的に有名な作品になった．その分，逆に期待をうらぎらない責任も出てくる．そこは，がんばって行きたい． #utmc1
1430476905000,FF全くやったことない勢としては「取りあえずかっけぇ」以外の感想が出てこなかった　#utmc1
1430476891000,映像の麗美さはわかったけど #utmc1
1430476884000,楽しい話を聞いて終了 #utmc1
1430476882000,いい映像授業だった #utmc1
1430476880000,感想の紙に書く内容なさ過ぎィ #utmc1
1430476878000,映像が凄かった。（それ以外は知らない）#utmc1
1430476876000,こんにちは！ #utmc1
1430476875000,おっ #utmc1
1430476864000,シンプルですばらしい講義だったな　#utmc1
1430476863000,ここから本編 #utmc1
1430476861000,質問タイム30分か・・・ #utmc1
1430476860000,グラフィックの変化以外あまり分からなかったのですがそれは #utmc1
1430476859000,正直中身はなかった #utmc1
1430476857000,5分早いな #utmc1
1430476857000,質問タイム #utmc1
1430476855000,終了！ #utmc1
1430476855000,「期待に対する100点満点のコンテンツは0点に等しい」って感じの言葉を思い出した #utmc1
1430476849000,一体何を学んだんだ…… #utmc1
1430476849000,申し訳程度のリクルーティング要素 #utmc1
1430476848000,終わるの早くない？ #utmc1
1430476848000,・毎年毎年新卒も採用しているので、もしご興味があったらね、わかるでしょ、 #utmc1
1430476845000,ん？早いな #utmc1
1430476833000,・クールジャパンと称される日本の様々なコンテンツの中の1つとしてやっていければいいなと思っている次第であります。 #utmc1
1430476830000,冷静に自分が作ったものが何千万人に届くってどんな気持ちなんだろうな #utmc1
1430476825000,え、これもう終わるの？ #utmc1
1430476824000,KONMAI呼んで欲しい #utmc1
1430476823000,質問タイム長くとる感じかな？ #utmc1
1430476822000,渋みじゃなくて仕組みだったわ #utmc1
1430476819000,この講義、自分のインナー小学生が大暴れしてるからツイハードルがガバガバなんだよな 許して #utmc1
1430476817000,・CGの技術に関してはハリウッドからも高いご評価も頂いています。これを日本のアーティストが高みを目指して努力をしている次第でございます。 #utmc1
1430476816000,ファイナルファンタジーは新しいことにチャレンジする．たとえ一つの作品が成功しても，その仕組みを流用したりせず，さらにそれを超えるようなものを作り上げたい．ただし，「これはFFだ！」というような精神は残していきたい． #utmc1
1430476808000,RT @muscle_azoson: HMD「毎年毎年、前年を超える学事歴を作っていこう」 #utmc1
1430476798000,13にFFらしさはありましたか？ｗｗｗ #utmc1
1430476798000,終わるの早ない？ #utmc1
1430476797000,ゲハ感あるな・・・ #utmc1
1430476794000,・6までは日本のタイトルとしてしか有名でなかったが、7からはグラフィックが格段に上がり、欧米にも人気が出て、世界的に有名な作品になった。・逆に期待をうらぎらない責任も。 #utmc1
1430476791000,常に新しさにチャレンジする毎回毎回新鮮さを保つために前回を超える意識を持つやっぱりFFだと思わせるような安心感→世界に称賛されるゲームになった #utmc1
1430476791000,この人世界世界言い過ぎ、濱田純一かよ #utmc1
1430476788000,積極的な授業姿勢(さっきインストールした)#utmc1 http://t.co/Gt7z6Nmo2D
1430476788000,でもFFらしさは残していけ #utmc1
1430476784000,１作ヒットすればそれを次作に流用したくはなるが、できるだけ前作を超えることを目標に開発する。#utmc1
1430476781000,RT @muscle_azoson: HMD「毎年毎年、前年を超える学事歴を作っていこう」 #utmc1
1430476780000,FFの精神常に新しいことにチャレンジ1個が成功するとつい前作を使いまわしたくなるが、毎回前作を超える作品を目指すただしFFらしさは残して #utmc1
1430476771000,HMD「毎年毎年、前年を超える学事歴を作っていこう」 #utmc1
1430476769000,常に新しいことにチャレンジ、前作の渋みを利用したくてもあえてしない #utmc1
1430476767000,前作の仕組みを使いたいがそれを越えようFFの安心感は保ったまま #utmc1
1430476761000,新鮮さを保つために前作を超える #utmc1
1430476759000,ポイント・ファイナルファンタジーの精神は、常に新しいことにチャレンジする・わりと一個が成功すると、前作の仕組みを利用して作りたくなるが、毎回新鮮さを欠かないために、新たなものを考案している。それでもFFだよねって言われるように努力している。 #utmc1
1430476754000,どう見てもこれはFFだよねという安心感 #utmc1
1430476750000,前作に甘えない　#utmc1
1430476740000,とりあえずエルシャダイやろうぜ！#utmc1
1430476736000,そういやタイトー買収してたね　#utmc1
1430476734000,この講義室でずっとゲーム音楽聞いていたい　#utmc1
1430476732000,タイトーがスクエニに買収されたの知らない人多そう #utmc1
1430476726000,企業入り乱れてるな #utmc1
1430476722000,あれ、今更だけど12もシームレス戦闘では？アクションじゃないつてのが明確な違いなのか。 #utmc1
1430476721000,え終わり？ #utmc1
1430476712000,タイトーってスクエニ系なの！？ #utmc1
1430476712000,#utmc1 http://t.co/G0TpIG7ZPt
1430476709000,スクエニ×SONY×コーエーテクモ #utmc1
1430476708000,タイトー #utmc1
1430476705000,ポイントはコーエーテクモさんと共同開発で、もともとのキャラクターやモーションはスクエニのものだが、技術にアクションに強いコーエーテクモのものを使い、さらに筐体をソニーさんの基板が入ることで、新たなアーケードゲームに #utmc1
1430476694000,「この綺麗なグラフィックのまま戦えますぞ！」 #utmc1
1430476689000,グラフィックの鬼みたいなゲームだ #utmc1
1430476686000,E3(ゲームショー) E3(艦これ) E3(新幹線) #utmc1
1430476680000,これは冨樫義博休載の歴史でもある #utmc1
1430476677000,嫌だ…永遠にこの講義を受けていたい…… #utmc1
1430476670000,リアタイであのレンダリングはすごいだろ… #utmc1
1430476669000,コエテクは最近俺の中で株が爆上がりしてる #utmc1
1430476664000,あーこんな大画面大音響でゲームしてみてえ #utmc1
1430476664000,現在FF15製作中．グラフィックが更に強化されている．また，FF1～FF14はボタンを押して，コマンドして戦うというスタイルだったが，FF15では，アクションRPGとしてはじめての試みである． #utmc1
1430476662000,アーケードディシディア #utmc1
1430476660000,メーカー的にも無双だ #utmc1
1430476659000,SPADAみたいなロゴだった #utmc1
1430476655000,このゲームPVばっかり流れてる授業、E3感があって良い #utmc1
1430476648000,リアルタイムレンダもここまで来たか #utmc1
1430476647000,目の前の映像がリアルタイムでプレイできるっていうの、にわかに信じられない #utmc1
1430476644000,これめっちゃやってみたい #utmc1
1430476639000,戦いの舞台は""ストリート""へ……ｽﾆｯｸﾌﾞｰ #utmc1
1430476637000,RT @Ishotihadus: https://t.co/iAHKnIZbjz #utmc1
1430476635000,どれだけCGがきれいになっていてもさして驚かなくなってしまっている自分が怖い #utmc1
1430476631000,キャラクター増えてる？ #utmc1
1430476628000,「この綺麗なグラフィックのまま戦えます」 #utmc1
1430476625000,RT @Ishotihadus: CGでもなんでもなくリアルタイム合成。信じられないレベルのアーケードゲーム。 #utmc1
1430476621000,リアルタイムレンダリングでこのレベルってやばくない！？ #utmc1
1430476619000,ライトニング！！！！！ #utmc1
1430476616000,ディシディア勢としては大興奮 #utmc1
1430476615000,RT @Ishotihadus: https://t.co/iAHKnIZbjz #utmc1
1430476612000,ハードの進化って偉大だ　#utmc1
1430476611000,CGでもなんでもなくリアルタイム合成。信じられないレベルのアーケードゲーム。 #utmc1
1430476611000,えろい#utmc1
1430476609000,名前は忘れたけどこのキャラクターも使ってました #utmc1
1430476602000,リアルタイムの映像なのかよ #utmc1
1430476587000,https://t.co/iAHKnIZbjz #utmc1
1430476586000,ディシディアアーケード #utmc1
1430476583000,ディシディアACじゃん #utmc1
1430476583000,@taka_acero_eeic 父親を目の前で殺され、母親は魔界に連れ去られ、復讐しようと意気込むのに自分が伝説の勇者じゃないと気付いた時の無力感はすごかった  #utmc1
1430476576000,ディシディアFFアーケード版か #utmc1
1430476574000,よくセフィロスを使ってました。中二病なので #utmc1
1430476574000,ディシディアゲーセン展開するのか #utmc1
1430476572000,アーケードか・・ #utmc1
1430476568000,ディシディアかな #utmc1
1430476565000,ゲームってええなぁ… #utmc1
1430476556000,きたじゃん　 #utmc1
1430476555000,やっぱ外人向けだよなー　画像きれいなのはいいけど… #utmc1
1430476548000,どう見てもあれは一人称視点じゃなくて三人称視点です #utmc1
1430476547000,きた！ #utmc1
1430476544000,あ、最後のラムウ？ #utmc1
1430476533000,本編を今まさに作っているところ #utmc1
1430476529000,#utmc1 のツイートひたすらふぁぼってたら21万ふぁぼ突破しましたありがとうございました
1430476524000,残念ながら私は一人称視点のゲームは苦手なので、途中で挫折しそう #utmc1
1430476524000,今まではずっとボタンを押して戦うというルールであったが、アクションRPGとしては15が初めての試み（ただし番号がそのまま付いている作品として） #utmc1
1430476521000,アクションRPGになるのか。正直そっちのが好きだからマジでやりてえ #utmc1
1430476520000,RT @sdkzA: 東京大学工学部金曜6限の授業内容です。ご確認ください。 #utmc1 http://t.co/vNiDUjqOCF
1430476519000,日本人が好きなやつだ #utmc1
1430476517000,戦闘がモンハンになってるな　#utmc1
1430476515000,15アクションRPGなのか　それにしてはもっさりでは…　 #utmc1
1430476512000,モンハンみたい　たしかに #utmc1
1430476508000,あんなイケメンじゃなくてオタクが活躍するゲームは……#utmc1
1430476506000,RT @sdkzA: 東京大学工学部金曜6限の授業内容です。ご確認ください。 #utmc1 http://t.co/vNiDUjqOCF
1430476504000,@taka_acero_eeic 天空シリーズって最初は確かサンタローズの村の洞窟の奥に天空の剣があったんだよな  #utmc1
1430476501000,11942kpbs #utmc1
1430476498000,今作からリアルタイムバトルになったのか #utmc1
1430476497000,普通にPV激アツだったわ #utmc1
1430476491000,EPISODE DUSCAE #utmc1
1430476490000,PS4版のアイマスめっちゃ楽しみなんだけどこれ小鳥さんの小皺とか死ぬほど描き込めるんじゃないの #utmc1
1430476484000,FFXVすげえええええええええ #utmc1
1430476481000,すげぇなぁ… #utmc1
1430476480000,FFXVのグラフィックは半端ない #utmc1
1430476468000,これだけじゃ何とも #utmc1
1430476468000,あまりにもダイナミックな召喚#utmc1
1430476465000,はあほしい　#utmc1
1430476465000,次にこういうの作ってくれたら買おうかなって言おうとしたものが作られてるな #utmc1
1430476461000,THE NEW GENERATION DAWNS #utmc1
1430476460000,ニコニコで空耳流行りそう #utmc1
1430476459000,FF XVの動画 #utmc1
1430476457000,PS4爆売れ #utmc1
1430476453000,新世代が、ここに。 #utmc1
1430476449000,買うか… #utmc1
1430476446000,チョコボ肌 #utmc1
1430476440000,用心棒に行ってきました。#utmc1 #有益なことをつぶやこう #Appleの新商品 #baystars #お洒落さんと繋がりたい #オリンピック新種目 http://t.co/k6XUBgA6Fa
1430476436000,かみなりじゃないわ！いかずちよ！ #utmc1
1430476435000,ラムウですかね #utmc1
1430476434000,この教室やっぱ音響いい　#utmc1
1430476432000,巨人ｗｗｗ #utmc1
1430476430000,雷すげえ #utmc1
1430476425000,やべえよ……やべえよ…… #utmc1
1430476423000,ゲームってここまで進化してたんだな・・・ #utmc1
1430476420000,FFっていつからターン制やめたんです？ #utmc1
1430476419000,音楽もよいぞ #utmc1
1430476419000,なんかワンダと巨像みたいになってきた #utmc1
1430476409000,PS4の描画性能がすごい。昔でいうCGがリアルタイムで描画できる。 #utmc1
1430476404000,グラすげぇ #utmc1
1430476397000,やりたすぎるでしょ #utmc1
1430476395000,＜タイトル毎に進化し続けるという精神＞「ファイナルファンタジーは常に前作を越えていかなければならない」この精神は大事にしている．前作と違ってシステムが違って大変だといわれようが，音楽が変わって大変だといわれようが，この精神は貫いていきたい！#utmc1
1430476393000,"Power Unbound" #utmc1
1430476392000,いや、普通に楽しそうだよ？ #utmc1
1430476390000,完全なMMOという感じだ #utmc1
1430476390000,目玉焼き #utmc1
1430476389000,@taka_acero_eeic でもドラクエ5の一番の要素は主人公が伝説の勇者じゃないって部分  #utmc1
1430476386000,久しぶりにMMOしたくなってきたなぁ #utmc1
1430476383000,これFF15の映像なの？ #utmc1
1430476383000,英語リスニング勢いないの #utmc1
1430476381000,この教室でプラウド・クラッド(2回目)戦やって宣伝したい #utmc1
1430476380000,ゲーム音楽は良いぞ〜 #utmc1
1430476379000,シームレスに戦闘開始！#utmc1
1430476378000,ベヒーモス安定の咬ませ犬役 #utmc1
1430476374000,something is off #utmc1
1430476366000,腹減った #utmc1
1430476366000,ベヒーモスたそ~ #utmc1
1430476362000,映画みたいな迫力だな　この音楽はFFじゃなくて何かの音楽じゃないのか？ #utmc1
1430476359000,普通に面白そう #utmc1
1430476358000,FF15の映像を見た感想：「モンハンとMS3足してきれいにしたような感じ？」 #utmc1
1430476358000,HAAAAAAAA #utmc1
1430476355000,バハムートさん登場 #utmc1
1430476352000,モンハンみたい #utmc1
1430476352000,実際XV出たら考えるレベルではあるPS4 #utmc1
1430476350000,タフでグローバル #utmc1
1430476340000,これが噂のホストFFか #utmc1
1430476340000,ホスト集団が戦うの、端的に言ってシュール#utmc1
1430476340000,FF15の映像。きれい。 #utmc1
1430476340000,ずっと前にも言ったけど，FF15のグラフィックはんぱねぇ．#utmc1
1430476337000,勃    起    不    可    避 #utmc1
1430476337000,チョコボがやたらリアル #utmc1
1430476332000,まるでGTAVみたいだあ… #utmc1
1430476328000,みなさんが飯テロされた通りの映像の綺麗さ #utmc1
1430476321000,おっぱい！ #utmc1
1430476320000,現在15の映像をご覧頂いております #utmc1
1430476319000,目玉焼きテラリアルW #utmc1
1430476319000,これ例のホストゲーじゃん #utmc1
1430476316000,飯テロだ許さねえ #utmc1
1430476313000,モンスターハンターなるほどな #utmc1
1430476310000,もっさりDMCっぽい #utmc1
1430476310000,すごい処理が重そうな映像だ#utmc1
1430476308000,突然の飯テロ #utmc1
1430476306000,飯テロ #utmc1
1430476299000,こういうゲームがしたい…でもなんかモンハンっぽい #utmc1
1430476299000,この教室でゲームやりたすぎる #utmc1
1430476295000,俺の知ってるRPGと違う #utmc1
1430476292000,モンスターハンターみたいだ #utmc1
1430476291000,なにこれ超やりたい #utmc1
1430476290000,EPISODE DUSCAE #utmc1
1430476285000,英語はちょっと... #utmc1
1430476284000,デビルメイクライだろこれ #utmc1
1430476284000,タッチタイピングよりもタッチライティングのほうが苦手。 #utmc1
1430476283000,これ平行法とかで見たら３Dになってるんです？ #utmc1
1430476282000,ｵｱｯｰ!ﾃﾞｧｰ! #utmc1
1430476280000,新鮮さを提供する #utmc1
1430476271000,スクエニ×コーエーテクモ #utmc1
1430476263000,(完) #utmc1
1430476263000,〜成功の秘訣〜タイトルごとに進化し続ける・ファイナルファンタジーは常に前作を超えていかなければならない・操作やキャラクターもすべて新規性を追求している #utmc1
1430476260000,こっからはなにが起きるんだ？ #utmc1
1430476257000,DQは音楽は無限のアレンジですね… #utmc1
1430476256000,進化し続けるそれがFF。（システムに一貫性があるとは言っていない）#utmc1
1430476252000,なんとなくだけどDQは枯れた技術、FFは新しい技術って感じがするぞ　#utmc1
1430476248000,講師の方がドラクエ""さん""っていうの、かなりおもしろい #utmc1
1430476248000,おわり！？ #utmc1
1430476245000,御清聴ありがとうございました #utmc1
1430476240000,@taka_acero_eeic フローラの方が強いのはわかる、でもやっぱりビアンカですよ  #utmc1
1430476239000,ゲームシステム変わるってマジ？ #utmc1
1430476236000,ほんとに？ #utmc1
1430476235000,ドラクエさんと違って、毎回キャラクターもシステムも音楽も変わるので覚えるのが大変だろ！っていう感じだけど、新鮮さはお届けできているはずです！ #utmc1
1430476234000,？？ #utmc1
1430476232000,””DQと違ってキャラクターが毎回変わる”” #utmc1
1430476229000,Steamは試したけどだめだったね、でもOriginとhttp://t.co/iQv8wSdiPlはいけたから東大は甘いよ甘すぎる #utmc1
1430476219000,RT @kaz_eeic: 俺の前作を越えていけ #utmc1
1430476216000,常に前作超え前作超えを目指すことで、毎回毎回新鮮なゲームをお届けしている #utmc1
1430476215000,新鮮さを意識した結果がホストのバーベキュー大遠征… #utmc1
1430476213000,究極を超える作業をもう１３回もやってるのか… #utmc1
1430476210000,進化する顔 #utmc1
1430476209000,ファイナルファンタジーは常に前作を超えていかなければならない #utmc1
1430476208000,右、龍が如くって言われてもわからない #utmc1
1430476199000,新鮮さは常になければならないプレッシャー #utmc1
1430476194000,FF「俺の屍を越えてゆけ」 #utmc1
1430476192000,〜成功の秘訣〜音楽・植松伸夫氏代表として、様々なアーティストの方々とコラボレーション・単独のゲームタイトルとしてコンサート運営が成り立っているのは世界でFFだけなのでは？ #utmc1
1430476192000,右、龍が如くって言われてもわからない #utmc1
1430476192000,＜キービジュアル＞天野のキービジュアルを元に作成．＜音楽＞ご存知うえまつさん．この人を代表として，様々なアーティストの人とコラボしている．ゲームタイトルを前面に推してコンサートを成立させることが出来ているのは，このFFぐらいじゃないんですか？（ドラクエはどうなった）#utmc1
1430476187000,俺の前作を越えていけ #utmc1
1430476186000,誰だ靴くさいやつ、臭うぞ#utmc1
1430476181000,単調増加関数 #utmc1
1430476177000,タイトルごとに進化し続ける・ファイナルファンタジーは常に前作を越えていかなければならない #utmc1
1430476175000,タイトルごとに進化し続ける「ファイナルファンタジーは常に前作を越えていかなければならない」 #utmc1
1430476172000,左、FF13かな #utmc1
1430476169000,「タイトルごとに進化し続ける」・ファイナルファンタジーは常に前作を超えていかなければならない。 #utmc1
1430476155000,参考画像 #utmc1 http://t.co/fQWXpKM5Wv
1430476154000,FFコンサート #utmc1
1430476153000,技術ストーリー音楽すべてに力を入れている...もはや売れない要素がないな？#utmc1
1430476152000,コンサート行きてー #utmc1
1430476151000,ゲーム音楽っていいよね #utmc1
1430476148000,ちなみに植松伸夫氏は世界でコンサートやっています。ゲーム音楽のコンサートとしてビジネスが成立しているのはFFだけでは。 #utmc1
1430476146000,RT @chibi314: 尚東大の回線でsteamは使えない模様　#utmc1
1430476141000,@taka_acero_eeic やっぱりビアンカですよ #utmc1
1430476136000,メキシコシティーでコンサートやったんだ #utmc1
1430476130000,RT @ossan_arrow: #utmc1 の実況、イショティに食われてる感が有るしアカウントごとにコンテンツ性を獲得しないとやばそう
1430476128000,暑い#utmc1
1430476126000,光は青春  #utmc1
1430476119000,12のBGMにさらっと変拍子混ぜたりしててびっくらした記憶あるな #utmc1
1430476114000,X-2のオープニング、俺は好きだよ… #utmc1
1430476111000,「倖田來未さんは歌姫としてすごい大人気」 #utmc1
1430476111000,音楽  植松伸夫氏を代表として様々なアーティストとコラボ  #utmc1
1430476103000,キングダムハーツの時は宇多田ヒカルさんとコラボ #utmc1
1430476098000,今や…？ #utmc1
1430476098000,倖田來未っていつの話やww #utmc1
1430476093000,倖田來未・・・ #utmc1
1430476092000,RT @muku_act: #utmc1 はTwitter受講できるから神しかし、どうせならUstでもしてくれ
1430476091000,RT @zinbeidango: FF8だっていい話だっただろ みんなアルティマニアの小説読もうな(オタク) #utmc1
1430476090000,FFやったことあるのドコモのガラケーにプリインストールされてたやつだけですね… #utmc1
1430476089000,FFで有名になるコンポーザー、ミュージシャン、歌手の方もいらっしゃいます。倖田來未さんなどが特に有名。 #utmc1
1430476082000,FFの曲は好きです #utmc1
1430476080000,イメージアートは全作品天野喜孝先生の原画をもとに色付け等がされている #utmc1
1430476074000,音楽…様々なアーティストの方々とコラボレーション #utmc1
1430476073000,ザナルカンドにてだ！！ #utmc1
1430476068000,存在の根幹の部分をギュンギュン攻めてくるロゴだ… #utmc1
1430476068000,あ＾〜 #utmc1
1430476068000,左の画像めっちゃリアル #utmc1
1430476067000,音楽　作曲家：植松伸夫氏を代表として、様々なアーティストの方々とコラボレーション。昔はスクエニ所属でしたが、今はフリーです。 #utmc1
1430476063000,ドラクエやったことない… #utmc1
1430476062000,FFの共通点は、クリスタルとかではなくて「天野先生の絵」 #utmc1
1430476054000,植松 #utmc1
1430476052000,確かに他に共通点ねえな #utmc1
1430476050000,神様だな　#utmc1
1430476050000,ドラクエのほうをやってたからFFのファンタジーどーん！って感じに若干違和感をもってしまうんだよなぁ #utmc1
1430476048000,天　野　喜　孝#utmc1
1430476047000,天野先生のFF以外の仕事あまり知らない #utmc1
1430476039000,#utmc1 の実況、イショティに食われてる感が有るしアカウントごとにコンテンツ性を獲得しないとやばそう
1430476038000,ファイナルファンタジーの攻略本や原画集もいくつか買ってたけどちゃんと公式のやつ買ってますよ！ #utmc1
1430476037000,天野先生の原画反映されてる様子が全くわからないんだよね #utmc1
1430476033000,天野先生のキービジュアルを継承 #utmc1
1430476029000,イメージアート : 天野喜孝先生のキービジュアル #utmc1
1430476027000,FFのロゴに付いているエは、天野喜孝先生の絵をグラフィッカーさんが編集して作っている #utmc1
1430476026000,上国料勇を出せ #utmc1
1430476022000,「お金がかかりすぎて無理」というのはどうなんだ #utmc1
1430476015000,天野先生って言われてもノーベル賞の先生しか思いつかない #utmc1
1430476013000,money is power #utmc1
1430476010000,イメージアート　天野喜孝先生ナンバータイトルとして、第１作目から歴代継承されているのは、天野先生のキービジュアルになります。 #utmc1
1430476007000,今プロデューサーって言った？この人Pなん！？ #utmc1
1430476002000,@taka_acero_eeic ゲマ vs パパスとか小学校低学年にとってトラウマどころじゃない #utmc1
1430476000000,個人的にはグラフィックはある程度どうでも良いから値段安くしてほしいなぁ #utmc1
1430475993000,【FFが成功した秘訣とは？】究極のファンタジーを目指すということを常に目指してやっている．そして，時代の最先端の最新技術を導入することを心がけた．また，目標を他の人がついていけなくなるくらい高く設定することを意識し，そのためには何ができるかということを常に考えた．#utmc1
1430475990000,@tko_eeic 筋力オタク #utmc1
1430475989000,プロデューサーさん！ #utmc1
1430475989000,〜成功の秘訣〜時代の最高峰のファンタジーを目指す時代最先端の最新技術を導入唯一無二の作品を目指す(当然お金はかかるしリスクはあります) #utmc1
1430475987000,真似されないタイピング速度を身につけていこうな💪💪 #utmc1
1430475976000,スクエニの真似をするとお金がかかりすぎて無理 #utmc1
1430475975000,よくファミコン、スーパーファミコン時代は、FF・ドラクエを真似したRPGが結構あった。しかしながら、PS時代からは真似するとカネがかかる、ということでほとんど真似されなくなってきた。 #utmc1
1430475967000,RT @suzu1592: #utmc1 #FFXVCOLLA http://t.co/mh5erw2QyP
1430475961000,@tko_eeic それでオタクなの？ #utmc1
1430475960000,FF成功の秘訣時代の最高峰のファンタジーを目指す時代の最先端の最新技術を導入唯一無二の作品を目指す #utmc1
1430475953000,耳を澄ますとタイピング音しかしない #utmc1
1430475952000,最高峰のファンタジーを目指す時代の最先端技術を取り入れる唯一無二の作品を目指す#utmc1
1430475949000,RT @muku_act: #utmc1 はTwitter受講できるから神しかし、どうせならUstでもしてくれ
1430475946000,志は高く #utmc1
1430475943000,@rusu_dayo 冷静だ #utmc1
1430475941000,目標を高くする #utmc1
1430475940000,目標は高く #utmc1
1430475937000,左DS版FF3？？？ #utmc1
1430475936000,「あれはもう真似できないよね！（声量大）」 #utmc1
1430475936000,ムーンショットかな？ #utmc1
1430475935000,真似できないよね　ってほど作られるのすごいけど真似されるのも名誉じゃないかなぁ #utmc1
1430475934000,「時代の最高峰のファンタジーを目指す」 #utmc1
1430475931000,ストーリー・冒険、キャラクター、ファンタジーの世界等、時代・時代の最高峰のファンタジーを目指す。・時代の最先端の最新技術を導入。・唯一無二の作品を目指す。#utmc1
1430475928000,最先端技術の導入・時代の最高峰のファンタジーを目指す 目標は高く　#utmc1
1430475919000,あれはもう真似できないよね！っていうようなものを作ることを意識していた。 #utmc1
1430475916000,学部のみで250人ってやばすぎでしょ #utmc1
1430475914000,本題はFFの歴史ではなく””成功の秘訣””#utmc1
1430475913000,ｲｼｮﾃｨ氏多分213実況タイピング速度最速なので #utmc1
1430475911000,1. ストーリー・冒険、キャラクター、ファンタジーの世界など、時代、時代の最高峰のファンタジーを目指す。・（リスクもあるが）時代の最先端の最新技術を導入。・唯一無二の作品を目指す。 #utmc1
1430475909000,@taka_acero_eeic ドラクエ5のレヌール城の動く石像(？)はボスよりトラウマ  #utmc1
1430475907000,零式しゅき〜〜〜 #utmc1
1430475902000,成功の秘訣 #utmc1
1430475896000,「何がFFなの？」 #utmc1
1430475889000,中古のFFは語り継がれる伝説、歴戦の勇士って感じだけど、中古のアイマスは「あの人は今」的な番組の企画に見えるし中古のドリクラなんてヒモ男に沈められたみたいで目も当てられない #utmc1
1430475889000,今日はガチでFFの歴史の話ばっかりでおもしろいな？ #utmc1
1430475888000,成功の秘訣 #utmc1
1430475887000,成功の秘訣 #utmc1
1430475886000,RT @sourmilk: utmcは学部と院生で授業名も授業コードも違うので、履修者250名というのは学部のみの数字ですね #utmc1
1430475881000,””成功の秘訣”” #utmc1
1430475880000,「成功の秘訣」 #utmc1
1430475879000,イントロが終わりました。 #utmc1
1430475879000,イショティ君の実況能力な #utmc1
1430475878000,成功の秘訣 #utmc1
1430475878000,１５の映像後であります #utmc1
1430475872000,「成功の秘訣」 #utmc1
1430475871000,ホモ #utmc1
1430475867000,例の車のトレーラーだっけFF15 #utmc1
1430475867000,きさらぎ出てきたら起きる #utmc1
1430475866000,#utmc1 はTwitter受講できるから神しかし、どうせならUstでもしてくれ
1430475864000,ぜろしきじゃなくてれいしきって読むのか…　#utmc1
1430475858000,男臭いな #utmc1 ＃FF１５
1430475856000,これはもうネットに動画がありますよ #utmc1
1430475852000,零式！！！！やりてえ！！！ #utmc1
1430475847000,中古屋を敵視するタイプのクリエイターだ#utmc1
1430475845000,最新作FFXVを開発中。3月19日（木）FF零式HD＋FFXV体験版 #utmc1
1430475844000,ファイナルファンタジーはシリーズ累計売り上げ1億本以上達成できている(中古販売，違法コピーなどは除く) #utmc1
1430475841000,9のPVのガーネットが可愛すぎてまだ引きずってる #utmc1
1430475840000,最新作FFXVを開発中 #utmc1
1430475836000,中古で買ったのは1.1億本に入らないから実際はもっと多い #utmc1
1430475834000,中古で買ったものは入らない、違法コピーも入ってないです #utmc1
1430475832000,utmcは学部と院生で授業名も授業コードも違うので、履修者250名というのは学部のみの数字ですね #utmc1
1430475832000,ゲーム全くやらないから死んだ魚の目をしてる #utmc1
1430475827000,割れが辛い #utmc1
1430475825000,わかる…… #utmc1
1430475824000,中古で買ったものや違法コピーされたものはカウントされない #utmc1
1430475822000,PS、PS2、PSPではかなりコピーされた #utmc1
1430475819000,中古の販売数は売上にはいらない #utmc1
1430475817000,一時期めっちゃ流行った記憶がある #utmc1
1430475816000,提督多杉内 #utmc1
1430475812000,違法・中古の問題 #utmc1
1430475812000,PSPだけで3つ買ったからな #utmc1
1430475811000,中古は基本 #utmc1
1430475811000,中古で買った本も入っていない #utmc1
1430475811000,移　植　商　法 #utmc1
1430475809000,ユウナたそ～ #utmc1
1430475807000,ユウナ(チャラいver)だ！ #utmc1
1430475805000,「コピーされまくってます」 #utmc1
1430475802000,RT @yoyoyo_4: 【悲報】Xbox one持ってる人皆無 #utmc1
1430475799000,残念ながら非常に（違法）コピーされています #utmc1
1430475794000,売上累計1億本以上(　　ド　　ン　　) #utmc1
1430475792000,シリーズ累計1.1億本ってすげえ #utmc1
1430475792000,ムノウさんめっちゃ目立ってる #utmc1
1430475791000,FFシリーズ累計売上本数、1億本以上 #utmc1
1430475788000,私だけで4~5個持ってるからね #utmc1
1430475786000,履修２５０人なのに３００人強入る教室でほぼ満員か #utmc1 http://t.co/EPrHjftdRq
1430475780000,センター、スノウ #utmc1
1430475779000,13のビジュアル一番デカイの嬉しい #utmc1
1430475774000,FFシリーズ累計売上本数、1億本以上 #utmc1
1430475774000,最近はほとんど3DSだな#utmc1
1430475772000,最近はスマホでもいろいろな新作がアリマスヨ．#utmc1
1430475771000,要約：オタクが増えるとありがたい #utmc1
1430475770000,1億1000万も超えている #utmc1
1430475770000,PCゲーム(クッキークリッカー) #utmc1
1430475769000,互換性つけると高くなる？ #utmc1
1430475769000,FFシリーズ累計売上本数、1億本以上 #utmc1
1430475763000,シリーズ累計売上本数、1億本以上 #utmc1
1430475763000,PCはそこそこありますね... #utmc1
1430475763000,AoCの新拡張はよ #utmc1
1430475761000,せっかくだしドラクエの思い出話をしよう #utmc1
1430475758000,はなし #utmc1
1430475757000,RT @RayKGM: スクエニの方「PCでゲームやってる人〜～」東大生「「「(大量の挙手)」」」エロゲかな？ #utmc1
1430475756000,僕が小学生の頃に父親が「PS○の売り上げはFFとDQが握ってる」って言ってたな懐かしい #utmc1
1430475756000,あh無しを戻しまして。 #utmc1
1430475752000,みんな金より時間を犠牲にしてるんだな#utmc1
1430475751000,開発環境もよい #utmc1
1430475749000,スクエニの方「PCでゲームやってる人〜～」東大生「「「(大量の挙手)」」」エロゲかな？ #utmc1
1430475747000,PC市場は世界的に見ても元気（日本は出遅れている） #utmc1
1430475745000,尚東大の回線でsteamは使えない模様　#utmc1
1430475740000,PS4はPS3との互換性があればなあ... #utmc1
1430475733000,課金しないと曲芸士引けないだろ!? #utmc1
1430475731000,PCのゲーム（艦これ） #utmc1
1430475728000,FF15steam版よろしくです　#utmc1
1430475728000,2009年．FF13を発売．後に，FF13-2，FF13-ライトニングリターンズが発売された．FF13に関しては，Blu-rayで表現できるようになった分、どれだけ作りこめばいいか(金と期間)が問題．13-2，13LRでは，FF13のアセットを使いまわした部分も多い．#utmc1
1430475724000,オタクは艦これをしがち #utmc1
1430475722000,Steam参戦か？？ #utmc1
1430475722000,確かに割れがな…… #utmc1
1430475718000,ユーザーのハードに合わせてつくっていく #utmc1
1430475718000,PC用のFFくるー？ #utmc1
1430475717000,流石、PC勢多くて分かってる #utmc1
1430475716000,FF14じゃん・・・ #utmc1
1430475715000,さあ、何のゲームだ！？　#utmc1
1430475715000,「なるほど、PCですか…」 #utmc1
1430475714000,PCゲーは割れのせいで辛いこんな世の中じゃ #utmc1
1430475713000,ps4は何があるのかわからんもん… #utmc1
1430475711000,「PCか、わかりました」 #utmc1
1430475710000,PC版FFか！？ #utmc1
1430475708000,ガラケー….. #utmc1
1430475706000,あんまり課金していない?#utmc1
1430475705000,「PC版も作んなきゃな」 #utmc1
1430475705000,PCでゲーム（エロゲ） #utmc1
1430475703000,むしろPCゲームがメインでしょ #utmc1
1430475703000,艦これですね #utmc1
1430475702000,PCでゲームやってる人（BMS） #utmc1
1430475701000,PC用も作んなきゃなｗ #utmc1
1430475701000,PCゲーム勢おおいな #utmc1
1430475701000,PCですか…わかりました #utmc1
1430475700000,パズドラ無課金勢です（）　#utmc1
1430475700000,スマホの課金ゲーやってる人のほうがPS4持ってる人より多い現状 #utmc1
1430475700000,か　ん　こ　れ艦これ，始まります！提督が鎮守府に着任しました．これより艦隊の指揮に入ります．#utmc1
1430475699000,RT @taka_acero_eeic: 講師「iPhone持ってる人！」(生徒たくさん手を挙げる)講師「Android持ってる人！」(生徒たくさん手を挙げる)俺「」(おもむろにガラケーを取り出す)#utmc1
1430475698000,みんな11連を無課金で引く人種だからな　#utmc1
1430475697000,pc多いっすねぇ #utmc1
1430475697000,はははッ #utmc1
1430475692000,日本人は世界でいちばんスマフォ(のコンテンツ)にお金を使っている #utmc1
1430475690000,PCでゲームやってる人大井 #utmc1
1430475687000,講師「iPhone持ってる人！」(生徒たくさん手を挙げる)講師「Android持ってる人！」(生徒たくさん手を挙げる)俺「」(おもむろにガラケーを取り出す)#utmc1
1430475687000,ハード買ってからソフト買うってのより、やりたいソフトの為にハードを買う人が多いイメージ #utmc1
1430475684000,課金者はい #utmc1
1430475681000,アイマスは今年PS4で発表したいみたいなこと言ってたしな #utmc1
1430475676000,課金勢少ない #utmc1
1430475676000,スマホで課金しない× #utmc1
1430475675000,絶対廃課金勢もっといるでしょ #utmc1
1430475671000,スマホゲーはやったことないですね... #utmc1
1430475670000,ぜひどれくらい艦これやってるのかも聞いてほしいな #utmc1
1430475669000,高校、大学のあたりが一番スマホゲームにお金を使っている #utmc1
1430475668000,課金の怖さ #utmc1
1430475665000,あ、タグ #utmc1
1430475662000,@rusu_dayo 別に嫌で不登校的に行かなかったわけじゃないでしょw #utmc1
1430475661000,「スマホに課金勢は挙手」 #utmc1
1430475660000,「スマホでお金使ってゲームしてる方挙手」 #utmc1
1430475658000,PCでゲームやるようになってからPS4も箱も選択肢に入りません #utmc1
1430475658000,スマホゲームが日本は強くなってきている #utmc1
1430475657000,意外と課金勢少ない東大生 #utmc1
1430475656000,スクフェスに課金してるやつもっといるだろ #utmc1
1430475651000,課金勢意外と少ないな #utmc1
1430475651000,手軽なんだよな #utmc1
1430475647000,スマホのゲームが結構楽しいので、厳しい #utmc1
1430475644000,欧米で売れてて日本で売れてないPS4 #utmc1
1430475640000,バーチャルボーイは持ってます #utmc1
1430475637000,プレステ4無意味に欲しい #utmc1
1430475631000,右のオタク(@selios0840) #utmc1
1430475630000,「PS4を買ってくれるようなソフトを作れなくて申し訳ないと思っている」 #utmc1
1430475627000,「PS4買っても遊ぶソフト無いよ〜」 #utmc1
1430475626000,日本で売れないPS4　#utmc1
1430475625000,アイマスが出たらPS4買うから安心しろ #utmc1
1430475622000,10%どころか1%くらいじゃなかったか...? #utmc1
1430475614000,世界でPS4で1600万台なのに、日本では殆ど売れなかった #utmc1
1430475612000,FF15出たら絶対ps4買います。#utmc1
1430475612000,アイマスかFF15が出たらPS4買うよ #utmc1
1430475608000,ブラッドボーンのためにPS4買ったオタクです #utmc1
1430475608000,【悲報】Xbox one持ってる人皆無 #utmc1
1430475606000,日本でps4全然売れてないよね #utmc1
1430475600000,xbox360なら持ってまーーーーーーーーーーーーーす！！！！！！！！！！！！！！！！！！！！！！！！！！！！！！！！！！！！！！！！！！！！！！！！！！！！！！！！！#utmc1
1430475595000,FF14　評価　で検索するとうっ　ってなる　#utmc1
1430475595000,PS3は2割位は持ってそう #utmc1
1430475590000,日本ではハード所有者が少ないのね #utmc1
1430475589000,ゲームがあればハードを買うんだよな #utmc1
1430475587000,う～ん全部持ってない　#utmc1
1430475584000,魅力的なタイトルがないとハードは買わんでしょ #utmc1
1430475584000,PS4人口少ないな... #utmc1
1430475583000,WiiUは？ｗ #utmc1
1430475581000,Android少ないなぁ #utmc1
1430475578000,PS4 数人、XBoxOne 0人 #utmc1
1430475578000,Androidこんなに少ないのか・・・ #utmc1
1430475577000,さっきから聞いてていい声なんだよな #utmc1
1430475576000,iPhone持ってます #utmc1
1430475573000,俺はGalaxy派だ #utmc1
1430475566000,右のオタクがPS4持ってるらしい　#utmc1
1430475565000,プレステ4持ってる人少ねえ #utmc1
1430475563000,箱1所有者 : 0人 #utmc1
1430475561000,X1ｗｗｗｗｗｗｗｗ #utmc1
1430475555000,こんなもんすか… #utmc1
1430475553000,そろそろEternal Fantasyシリーズとして出すべきじゃない？ #utmc1
1430475545000,RT @nokonoko_p3: このころにようやく任天堂と和解したんだな #utmc1
1430475542000,ps4の時代 #utmc1
1430475533000,FF114514 #utmc1
1430475529000,「見やすく（見えるとは言ってない）」 #utmc1
1430475526000,本っっっっ当にFFの歴史の話しかしないなこれww #utmc1
1430475524000,もしもしゲー戦略  #utmc1
1430475522000,FF100 #utmc1
1430475519000,零式HD #utmc1
1430475512000,FF15やりてえな #utmc1
1430475507000,結局資金次第か #utmc1
1430475498000,FF15いつ出ますか？ #utmc1
1430475498000,下の欄（誰も見えない） #utmc1
1430475486000,RT @suzu1592: #utmc1 #FFXVCOLLA http://t.co/mh5erw2QyP
1430475478000,11の後継である14。期待はあったもののいろいろあって新しく作りなおすことに。 #utmc1
1430475475000,"""""かなり色々な問題を抱えてしまった""""" #utmc1
1430475473000,アセット…ゲームに登場するパーツすべての総称 #utmc1
1430475468000,ディシディアは実績に100km移動するみたいなのがあってひたすらレールを走ってた #utmc1
1430475466000,RT @suzu1592: #utmc1 #FFXVCOLLA http://t.co/mh5erw2QyP
1430475464000,コスト節減のためにアセットを使いまわして続編制作　FF13→FF13-2→ライトニングリターンズFF13 #utmc1
1430475453000,映画版FINAL FANTASY失敗に伴うFFU打ち切りを絶対に許さない市民の会 #utmc1
1430475450000,ある程度アセットを使いまわすことで、13の3部作を完成 #utmc1
1430475439000,アセトン？ #utmc1
1430475438000,asset #utmc1
1430475435000,LR13はな… #utmc1
1430475435000,ディシディアアーケード化するらしいしな #utmc1
1430475431000,カタカナに弱い #utmc1
1430475431000,コップの中の蝿の描写すら可能に→こだわりの限界が見え始める #utmc1
1430475430000,ライトニングリターンズwww #utmc1
1430475429000,ハードの進化に伴ってどこまで描き込むのかという問題が浮上 #utmc1
1430475429000,その結果の三部作か　#utmc1
1430475426000,よくやってたのはタクティクスじゃなくディシディアだw #utmc1
1430475421000,プレステ3なら虫一匹まで表現できちゃう #utmc1
1430475410000,飛んでいる虫一匹も描写できるんだけど、どこまでこだわる？ #utmc1
1430475407000,Blu-rayで表現できるようになったので、どれだけ作りこめばいいのかとなった（予算・製作期間との兼ね合い） #utmc1
1430475407000,どんだけ作りこめば良いのかわからなくなってきた #utmc1
1430475403000,ワンダースワンはアノードテイマーカソードテイマーを生み出した時点で大正義だって言ってんだろ！デジタマにされてえのか！！ #utmc1
1430475400000,ディシディアもやったなぁ #utmc1
1430475398000,12のガンビットシステム大好きでした #utmc1
1430475393000,ん？　#utmc1
1430475393000,驚愕鴨 #utmc1
1430475391000,ん？ #utmc1
1430475373000,ゲームの歴史の話を聴いていたら是非ともSEGAの方の話ききたいなぁ〜〜〜〜〜と思う #utmc1
1430475372000,2009年、PS3とともにFF13シリーズデビュー。 #utmc1
1430475371000,13 #utmc1
1430475370000,FFCCはよ #utmc1
1430475366000,スクエニになってから3年(2006年)，FF12発売．壮大なストーリーと強力なグラフィックで、映画チックにすることを目指した．#utmc1
1430475364000,一言いいかな...そのスライド見えないんだけど意味あるの？#utmc1
1430475359000,ワンダースワンW #utmc1
1430475356000,ハードの拡がり #utmc1
1430475356000,ワンダースワン、FFでなければ即死だった #utmc1
1430475355000,ワンダースワンとか存在忘れてたｗ　#utmc1
1430475351000,ワンダースワンもってなし #utmc1
1430475348000,講義中に失礼するゾ～（謝罪） FFコラボ超地獄難しスギィ！！！！自分、コンテいいっすか？ まさかジャンプごときでワンパンされるとは困ったなあ～ ギルガメッシュスキルマにしなくてすみません！許してください！なんでもしますから！(周回しないとは言ってない) #utmc1
1430475346000,どのハードでも遊べるように #utmc1
1430475340000,このころはいろいろなハードが登場して広がってきた状況なので、それぞれハードごとに作っていきたいということで、いろいろ移植した。 #utmc1
1430475339000,「我々のコンテンツ」 #utmc1
1430475338000,視力検査会場ですかここは #utmc1
1430475338000,ワンダースワンとかいう言葉の響きだけで泣く #utmc1
1430475337000,ワンダースワン懐かしすぎワロチ#utmc1
1430475337000,ワンダースワンとかいう激懐かしい単語きたな・・・ #utmc1
1430475335000,GBAリメイク版FF1がやりこみ要素多くて一番すき #utmc1
1430475333000,ワンダースワンって失敗だったん？ #utmc1
1430475332000,ワンダースワンとか久々に聞いたなオイ #utmc1
1430475316000,ワンダースワンｗ #utmc1
1430475300000,12は小6でやってた記憶がとてもある #utmc1
1430475299000,FF12やる人はオメガMk.2倒そうな #utmc1
1430475299000,自分でも見えんのかいｗ #utmc1
1430475298000,発表者も読めないスライド #utmc1
1430475295000,自分でも読めないw #utmc1
1430475294000,FF12の壮大なストーリーテイル() #utmc1
1430475292000,クリスタルクロニクルやったけど小学生の僕には何がなんだか1ミリも理解できなかった #utmc1
1430475291000,壮大なストーリーと強力なグラフィックで、映画チックに #utmc1
1430475289000,だんだん細くなる文字、試される視力 #utmc1
1430475284000,えっあれ全部外伝なん？ #utmc1
1430475281000,誰もスライド開いてないし上がってなさそう #utmc1
1430475280000,金が無いのでエニックスと合併 #utmc1
1430475279000,FF11はMMOへ挑戦．これも最大60万人ユーザーを抱えるほどの大ヒットになったが，やはり金を使いすぎてしまい経営は苦しくなった．そこで新作を出すより，この時代はいろいろなタイトルを出すことに尽力した(FFTA，FFクリスタルCなど)．そしてエニクスと合併．#utmc1
1430475278000,スクエアとエニックスが合併した結果生まれたもの #utmc1 http://t.co/VUOpB94Fc2
1430475275000,箱増えすぎィ！ #utmc1
1430475274000,@overheattrigger x box? #utmc1
1430475268000,2006年、PS2で最後の作品であるFF12 #utmc1
1430475261000,全然見えないんだけどどっかに上がってるかな #utmc1
1430475257000,グラフィックや音楽に力をいれすぎてお金を使いすぎた！会社破綻の危機！お金がある会社と合併しなきゃ！→スクウェアエニックスに #utmc1
1430475256000,外伝多っww #utmc1
1430475252000,クリスタルクロニクルは小学生時代の思い出 #utmc1
1430475249000,このころガラケーのゲームとしても制作 #utmc1
1430475249000,このころにようやく任天堂と和解したんだな #utmc1
1430475243000,RT @suzu1592: #utmc1 #FFXVCOLLA http://t.co/mh5erw2QyP
1430475239000,スクウェアとエニックスが別の会社だったの知らない人なんているのか #utmc1
1430475238000,タクティクスアドバンス、クリスタルクロニクルシリーズなどなどもこのへんで発売 #utmc1
1430475229000,X-2 #utmc1
1430475224000,MMOって言葉知らん買ったから調べたら「大規模多人数同時参加型オンライン」って出てきてようやく理解した　#utmc1
1430475222000,ここから10 11 10-2と発売 #utmc1
1430475218000,映画、MMOでお金の使いすぎで、11発売の後に2003年エニックス(資金強)と合併 #utmc1
1430475217000,12年も前か… #utmc1
1430475210000,RT @suzu1592: #utmc1 #FFXVCOLLA http://t.co/mh5erw2QyP
1430475210000,スクウェア・エニックスという名前は、スクウェアを立てるために前に名前置いたけど、実際はエニックスが吸収する形だったっけ #utmc1
1430475201000,RT @suzu1592: #utmc1 #FFXVCOLLA http://t.co/mh5erw2QyP
1430475193000,エニックスさんをエリクサーに空耳 #utmc1
1430475192000,みえない#utmc1
1430475187000,スクウェアな #utmc1
1430475186000,お金使いすぎィ！→11のあとEnixと合併 #utmc1
1430475186000,RT @mgk_e_maholic: すばせか続編出ませんか #utmc1
1430475180000,結局はお金なんだなぁ #utmc1
1430475177000,2003. Enixと合併 #utmc1
1430475175000,2003年（FF11のあと）スクエアとエニックスが合併 #utmc1
1430475175000,やっぱりFFは12あたりで変わったな #utmc1
1430475168000,映画花はなぁ...#utmc1
1430475168000,ファイナルファンタジー…映画…ホノルル支店…Lisp…うっ頭が… #utmc1
1430475166000,MMOと映画で金使いすぎちゃったW #utmc1
1430475165000,経営の話でやってくる映画の話 #utmc1
1430475147000,しかし，お金が予想以上にかかってしまったため，FF7～9の時代はそれほど経営がうまくいっているわけではなかった．#utmc1
1430475145000,㋔㋟㋗！達の興奮でハコが熱気で蒸し返している #utmc1
1430475142000,MMO #utmc1
1430475137000,濱田純一がグローバルといった回数と橋本真司さんがお陰様で世界的にと言った回数 #utmc1
1430475131000,PS1からPS2にかけてどのようにFFを変化させようか社内で会議を重ね、リアルな描き込みを重視するように。#utmc1
1430475121000,RT @mgk_e_maholic: すばせか続編出ませんか #utmc1
1430475121000,ライトニングさんのおっぱい描き込んで喜んでたんだろう！正直にいえ！！ #utmc1
1430475116000,13を「好評」というと結構な嘘になる気がするがどう言うか #utmc1
1430475097000,映画の話は完全スルーは出来なかったんだな #utmc1
1430475094000,PS2により3Dの時代へ突入 #utmc1
1430475091000,PSからPS2に変わる！やばい！グラフィックの方向性を決めなきゃ！ #utmc1
1430475085000,9→10、PS→PS2のときに「リアルなキャラクターの書き込み」をすることにした #utmc1
1430475084000,FF7，8から，グラフィックを大幅に強化し，爆発的なヒットとなった．この2つのゲームで海外への認知が上がる．またFFタクティクスなどの外伝作品も出来た．#utmc1
1430475083000,1から2に変わるとき、どうしていくか、という話になった。 #utmc1
1430475079000,RT @y_pigeonmilk: タクティクスが後の12に繋がっていった #utmc1
1430475065000,#utmc1 http://t.co/86E8t3GIox
1430475063000,「「「眼鏡が特徴的であったが、実は伊達眼鏡である。」」」 #utmc1
1430475061000,2D（任天堂さんビジネス） #utmc1
1430475053000,FFの映画（察し） #utmc1
1430475051000,RT @sdkzA: 東京大学工学部金曜6限の授業内容です。ご確認ください。 #utmc1 http://t.co/vNiDUjqOCF
1430475048000,そして怒涛のプレイステーション2の時代へ #utmc1
1430475047000,「お金がかかりすぎまして経営が苦しくなりました」 #utmc1
1430475041000,FFの映画… #utmc1
1430475040000,FF映画版のことか… #utmc1
1430475036000,FF映画とかいう黒歴史  #utmc1
1430475035000,ところがどっこい、このへんでお金がかかりすぎて経営が苦しくなりつつ #utmc1
1430475033000,ｶﾀｶﾀｶﾀｶﾀｶﾀｶﾀｶﾀｶﾀｶﾀｶﾀｶﾀｶﾀｶﾀｶﾀｶﾀｶﾀｶﾀｶﾀｶﾀｶﾀｶﾀｶﾀｶﾀｶﾀｶﾀｶﾀｶﾀｶﾀｶﾀｶﾀｶﾀｶﾀｶﾀｶﾀｶﾀｶﾀｶﾀｶﾀｶﾀｶﾀｶﾀｶﾀｶﾀｶﾀｶﾀｶﾀｶﾀｶﾀｶﾀｶﾀｶﾀｶﾀｶﾀｶﾀｶﾀｶﾀｶﾀｶﾀｶﾀｶﾀｶﾀｶﾀｶﾀｶﾀｶﾀｶﾀｶ #utmc1
1430475031000,FFの映画って黒歴史？ #utmc1
1430475031000,RT @Ishotihadus: 7 8のおかげでアメリカ・ヨーロッパでも人気がでるように。その一番の要因は、映像がよくなり、等身が上がって立体感がましたこと。 #utmc1
1430475024000,このころから日本のクリエイターだけでなく海外のクリエイターも参加して作られた #utmc1
1430475023000,FFがリアル志向になったのに海外の影響がある #utmc1
1430475022000,タクティクスが後の12に繋がっていった #utmc1
1430475021000,FF8だっていい話だっただろ みんなアルティマニアの小説読もうな(オタク) #utmc1
1430475016000,ホノルル #utmc1
1430475009000,香港で映画 #utmc1
1430475008000,欧米の人たちは演出重視、頭身高めのリアル系グラフィックの方が受け入れられる #utmc1
1430474997000,7以降のグラの進化によって欧米でウケた #utmc1
1430474997000,FFは1～6に進んでいくにつれ着々と売り上げを伸ばした．しかし海外にはなかなか受け入れてもらえなかった部分もある．海外に受け入れられるような商品を狙って作り上げたのがFFミスティッククエスト． #utmc1
1430474997000,そして9。 #utmc1
1430474988000,7 8のおかげでアメリカ・ヨーロッパでも人気がでるように。その一番の要因は、映像がよくなり、等身が上がって立体感がましたこと。 #utmc1
1430474986000,欧米贅沢すぎでしょ #utmc1
1430474979000,8、本編そっちのけでカードゲームやりまくった思い出 #utmc1
1430474973000,わたししってますー！FFで一番面白いのはチョコボレーシングなんですー！！ #utmc1
1430474972000,FF６までならiPhoneとかでもできるはず #utmc1
1430474970000,FFT(Fast Fourier Transform) #utmc1
1430474966000,Ⅷが一番売れた #utmc1
1430474966000,FF8、国内で400万本弱売ってなかったっけ？ #utmc1
1430474964000,FF8が一番売れた #utmc1
1430474961000,FFコラボモンスター強くしてください #utmc1
1430474954000,FF8。生産本数が一番多かった。 #utmc1
1430474951000,RT @amagiri817: うっひょおおおおおおおおああああああ閃光だぁああああああああああ！！ #utmc1
1430474949000,RT @planarian8: あ〜〜〜〜〜〜〜〜〜浜渦さんの曲最高何じゃ〜〜〜〜〜〜〜〜〜〜〜 #utmc1
1430474942000,1997〜多様化FFT→FF12への伏線 #utmc1
1430474936000,一年に一個FF出るって贅沢だよなあ #utmc1
1430474936000,ヤズマットの名前の元ネタの人松野さん #utmc1
1430474931000,FFT #utmc1
1430474929000,ニーズの多様化に合わせて外伝、派生作を作る #utmc1
1430474924000,チョコボのニーズって...？ #utmc1
1430474923000,冷静にスクウェアとエニックスが合併するときの業界の衝撃半端なかっただろうな #utmc1
1430474921000,（1997くらい〜） #utmc1
1430474921000,スクエアエニックスのことをフェニックスと読んでいた頃。 #utmc1
1430474915000,ユーザーの多様化に合わせてシリーズを増やしていった #utmc1
1430474907000,「下の箱」が小さすぎて何も見えない #utmc1
1430474903000,SFCのソフトは高いイメージ #utmc1
1430474901000,下の箱 is なに #utmc1
1430474891000,昔SFCのスーパードンキーコング3買った時12000円くらいした気がするなぁ #utmc1
1430474887000,こっちで実況しちゃおｗ #utmc1
1430474877000,特に6は、カセットが一万を超える時代であった（当時は材料費が高かったのでこれくらいが普通だった） #utmc1
1430474875000,クロノトリガーはよ新作を #utmc1
1430474875000,クロトリは親が買ってた #utmc1
1430474874000,もうだめだわ　ぜつぼうてきよ #utmc1
1430474873000,FFT即高速フーリエ変換 #utmc1
1430474861000,@bernsteines 実績解除がかなり重かった #utmc1
1430474850000,ミスティッククエストは海外向けなのか #utmc1
1430474848000,アメリカを意識して作られたミスティッククエスト #utmc1
1430474847000,ミスティッククエスト… #utmc1
1430474847000,What's your final fantasy?#utmc1
1430474846000,日本ではすでに4 5 6と販売本数が伸びていた。 #utmc1
1430474844000,「日本のゲームは世界に受け入れてくれなかった」　#utmc1
1430474839000,FFTが多分一番プレイ時間長いんだよなぁ #utmc1
1430474835000,RT @sdkzA: 東京大学工学部金曜6限の授業内容です。ご確認ください。 #utmc1 http://t.co/vNiDUjqOCF
1430474835000,世界の人に受け入れてもらえてなかったので、アメリカを意識して作りました（ミスティッククエスト） #utmc1
1430474834000,アメリカを意識 #utmc1
1430474832000,FFDQやってない人だと同世代でもスクウェアとエニックスが別だった感覚がないの驚愕過ぎる #utmc1
1430474831000,ミストナックル？（難聴） #utmc1
1430474830000,RT @Ishotihadus: もう一回貼っておきますね https://t.co/Bn4hMes9RW #utmc1
1430474824000,聖剣伝説ってFFの外伝だったのか#utmc1
1430474810000,あれすき #utmc1
1430474805000,ファイナルファンタジーUSA ミスティッククエスト #utmc1
1430474804000,ミスティッククエストだ！！！！！！！！！！！！！！！！ #utmc1
1430474802000,Final Fantasy 25th Anniversary Bonus Disc https://t.co/fxpHUru57N (今日見た映像はこれです) #utmc1
1430474798000,RT @freezedtuna: スクエアとエニックスがそもそも別だったと知りませんでした #utmc1
1430474793000,攻略本によって載ってる情報載ってない情報に差があったりするんだけど、本屋行くと大体透明カバーかけてあって中見れないからどれ買うか迷うんだよね #utmc1
1430474791000,FF→1987(DQ→1986)1987〜1990　1〜3　FC1991〜1994　4〜6　SFC #utmc1
1430474790000,RT @suzu1592: #utmc1 #FFXVCOLLA http://t.co/mh5erw2QyP
1430474786000,スライドうんちだしこのタイミングで寝だす都市工のワイワイ集団うぜえな #utmc1
1430474784000,見えない #utmc1
1430474783000,RT @freezedtuna: スクエアとエニックスがそもそも別だったと知りませんでした #utmc1
1430474783000,TL追ってると210のツイート追加とかww皆ツイートしすぎw学外の自分としてはありがたいけど（笑） #utmc1
1430474775000,スクエニが合併したの知らない人、結構多いんだなぁ #utmc1
1430474775000,ちっちぇえ #utmc1
1430474765000,見えない #utmc1
1430474761000,RT @suzu1592: #utmc1 #FFXVCOLLA http://t.co/mh5erw2QyP
1430474759000,ALESAを受けよう #utmc1
1430474756000,字が小さくて笑う #utmc1
1430474750000,RT @suzu1592: #utmc1 #FFXVCOLLA http://t.co/mh5erw2QyP
1430474750000,プレゼンのスライドのきほんをわかってないな？ #utmc1
1430474749000,RT @suzu1592: #utmc1 #FFXVCOLLA http://t.co/mh5erw2QyP
1430474749000,パワポ細かい！ #utmc1
1430474747000,RT @suzu1592: #utmc1 #FFXVCOLLA http://t.co/mh5erw2QyP
1430474747000,RT @suzu1592: #utmc1 #FFXVCOLLA http://t.co/mh5erw2QyP
1430474746000,スクエアとエニックスがそもそも別だったと知りませんでした #utmc1
1430474746000,RT @suzu1592: #utmc1 #FFXVCOLLA http://t.co/mh5erw2QyP
1430474745000,攻略本を使ってゲームする時代の話 #utmc1
1430474741000,究極幻想物語 #utmc1
1430474740000,RT @suzu1592: #utmc1 #FFXVCOLLA http://t.co/mh5erw2QyP
1430474737000,圧倒的文字の小ささ #utmc1
1430474737000,【ファイナルファンタジーとは？】ファイナルは最後というよりは「究極」のという意味合いが強い．当時はSquareとEnixはライバルであり，しのぎをけずっていた．#utmc1
1430474735000,RT @suzu1592: #utmc1 #FFXVCOLLA http://t.co/mh5erw2QyP
1430474733000,見えないｗ #utmc1
1430474733000,視力検査 #utmc1
1430474730000,そうかそういえばドラクエとFFは最初は別会社か #utmc1
1430474724000,#utmc1 #FFXVCOLLA http://t.co/mh5erw2QyP
1430474723000,スクエニ合併のニュースはめっちゃ驚いた #utmc1
1430474716000,当時はスクエアとエニックスに分かれていてお互いしのぎを削っていた #utmc1
1430474716000,2歳からお世話になってますとか言って古参感出しとこw #utmc1
1430474712000,ぼく「ファイナルファンタジーはとっととファイナルになれ」 講師「ファイナルは究極の意」ぼく「」#utmc1
1430474710000,ファイナルファンタジーはいつファイナルになるの？ #utmc1
1430474707000,坂口博信氏によって制作 #utmc1
1430474706000,ファイナル…最高の、究極のという意味合いが強い  #utmc1
1430474697000,1987年発売の日本のロールプレイングゲーム（なおドラゴンクエストは1986年発売） #utmc1
1430474696000,100万本売れなければ続編を作れなかった時代のスクウェアはどこへ行ったんだ… #utmc1
1430474694000,ファイナルは究極の、最高の、の意味 #utmc1
1430474690000,RT @sdkzA: キンハ創設者かよwww #utmc1
1430474685000,final:最高の究極の #utmc1
1430474685000,ファイナル・ファンタジーとは最後の、というより究極の、という意味 #utmc1
1430474684000,「最後」というよりは「究極の」という意味を意識した #utmc1
1430474684000,FFもドラクエもやったことないです #utmc1
1430474684000,そっちの意味かよ！！！！！ #utmc1
1430474684000,すばせか続編出て欲しいよなぁ #utmc1
1430474676000,ファイナルファンタジーとは（哲学 #utmc1
1430474675000,このハコの音響素晴らしすぎるし、㋔㋟㋗！アニメ放映会したい　#utmc1
1430474670000,ファイナルファンタジーとは #utmc1
1430474667000,クロノトリガー発売を実現させた(太字) #utmc1
1430474663000,同じスライドを２つスクリーンに投影しても誰も文句を言わないタイプの講演 #utmc1
1430474662000,RT @mgk_e_maholic: すばせか続編出ませんか #utmc1
1430474662000,キンハ創設者かよwww #utmc1
1430474662000,キングダムハーツがすべての始まりだった感じはある　#utmc1
1430474662000,ファイナルファンタジーとは #utmc1
1430474660000,キンハーを1から作った人 #utmc1
1430474658000,キングダムハーツの話聞きたい #utmc1
1430474658000,キングダムハーツを立ち上げた人なの！？ #utmc1
1430474657000,スクエニの橋本真司さんって橋本環奈さんのお父さんですよね確か #utmc1
1430474655000,キングダムハーツ立ち上げの人なのか・・・ #utmc1
1430474653000,すばせか続編出ませんか #utmc1
1430474646000,担当作品は、FF7からのFFシリーズ、キングダムハーツシリーズ、フロントミッションシリーズ、チョコボの不思議なダンジョンシリーズなど #utmc1
1430474640000,「クロノトリガー販売を実現させた」 #utmc1
1430474640000,神回だ… #utmc1
1430474637000,Final Fantasy 25th Anniversary Bonus Disc https://t.co/t8BRmQU4Sk via @YouTube#utmc1
1430474636000,@JeanMichel_ee なるほど理転しようかな… #utmc1
1430474633000,映像が終わって今週が終わった感じある。#utmc1
1430474625000,橋本真司さん #utmc1
1430474623000,よさ気なテンプレだ #utmc1
1430474622000,では，Final Fantasy の歴史をもうすこし細かに見ていこう． #utmc1
1430474619000,小学生時代を思い出して多少つらくなる #utmc1
1430474618000,RT @Ishotihadus: もう一回貼っておきますね https://t.co/Bn4hMes9RW #utmc1
1430474616000,FFやったことないと退屈な15分ムービーだった #utmc1
1430474615000,RT @KRiver1: いい講義だった #utmc1
1430474615000,メインパワポ入りまーす #utmc1
1430474613000,良い最終回だった #utmc1
1430474611000,桜井さんにスマブラの話を聞きたいなあ #utmc1
1430474611000,FF やりたいな #utmc1
1430474610000,「退屈なパワーポイント」 #utmc1
1430474608000,「退屈なパワーポイント」 #utmc1
1430474606000,「退屈なpowerpoint」 #utmc1
1430474605000,RT @Ishotihadus: もう一回貼っておきますね https://t.co/Bn4hMes9RW #utmc1
1430474604000,やばいマジで眼球痛い #utmc1
1430474604000,退屈なPowerpoint #utmc1
1430474602000,たいくつなパワーポイントへ #utmc1
1430474602000,チョコボかわいい #utmc1
1430474600000,RT @Ishotihadus: https://t.co/Bn4hMes9RW #utmc1
1430474600000,きさらぎさんの活躍もっと見たかった #utmc1
1430474596000,FFやるか．．． #utmc1
1430474596000,FF13が長くて満足 #utmc1
1430474595000,@JeanMichel_ee しすそう… #utmc1
1430474595000,2017年に30周年を迎える．大々的にいろいろやっていこうと思っている．#utmc1
1430474594000,僕達の90~00年代はもう帰ってこないんだ………ウ~~~ッ #utmc1
1430474593000,RT @Ishotihadus: もう一回貼っておきますね https://t.co/Bn4hMes9RW #utmc1
1430474591000,FFやりたくなったわ #utmc1
1430474590000,RT @KRiver1: いい講義だった #utmc1
1430474590000,帰りません #utmc1
1430474584000,RT @Ishotihadus: もう一回貼っておきますね https://t.co/Bn4hMes9RW #utmc1
1430474583000,ゲームって最近のことなんだな　#utmc1
1430474583000,いい講義だった帰ろう #utmc1
1430474581000,普通に感動した #utmc1
1430474580000,テレポの本はクソ面白い #utmc1
1430474577000,もう一回貼っておきますね https://t.co/Bn4hMes9RW #utmc1
1430474575000,再来年に30周年 #utmc1
1430474571000,エモｗ #utmc1
1430474569000,次はラブライブ！の歴史ということで… #utmc1
1430474568000,いい映画だった #utmc1
1430474567000,この動画だけで満足した感じがある #utmc1
1430474566000,さあFFコンテンツに金を払うのだ #utmc1
1430474563000,８８８８８８８８８８８８８ #utmc1
1430474563000,いい講義だった #utmc1
1430474560000,25th #utmc1
1430474558000,RT @stalin_ni_kniga: キャラがかわよくなって終始勃起してる #utmc1 http://t.co/u3qJM7DFzR
1430474555000,#utmc1 のタイミングに合わせてビデオを見ていた
1430474554000,この動画欲しい！！！！ #utmc1
1430474554000,てま芸士の紹介マダー？ #utmc1
1430474553000,888888888 #utmc1
1430474553000,次はアイマスの歴史を流そう（P並感 #utmc1
1430474552000,ファイナルのはずだったんだよなぁ #utmc1
1430474551000,個人的にはFCSFCあたりのムービーの方が意欲を湧きたてられた #utmc1
1430474549000,FFめっちゃやりたくなってきてるんだが!?    　 #utmc1
1430474545000,888888888888888888888888 #utmc1
1430474539000,ff借りるか……買うか…… #utmc1
1430474536000,ハードがないんだよなあ #utmc1
1430474533000,東京大学で行われているファイナルファンタジー史の授業です(?) #utmc1
1430474530000,普通に見入ってしまった、懐かしいのもあったし #utmc1
1430474528000,プレリュードの心洗われる感じよ #utmc1
1430474523000,#utmc1 #utmc1 #utmc1 #utmc1 #utmc1 #utmc1 #utmc1 #utmc1 #utmc1 #utmc1 #utmc1 #utmc1 #utmc1 #utmc1 #utmc1 #utmc1 #utmc1 #utmc1 #utmc1 #utmc1
1430474521000,なんかおじさんがすごい頑張ってる#utmc1
1430474517000,13はまともに街に寄れる機会がほぼない以外は好き #utmc1
1430474514000,RT @meruton0227: 最初はプレイ画面だったのが最後らへんはムービーばっかになってるなあ #utmc1
1430474506000,この映像ってYouTubeか何かで見られるのかな #utmc1
1430474506000,もうなんかお腹いっぱいだ #utmc1
1430474497000,14稼働した頃のPVかこれ #utmc1
1430474496000,グラフィック細かいなあ #utmc1
1430474495000,RT @T_rap_: ffはもういいからクロノトリガーの続編出してくれ #utmc1
1430474491000,オタクでよかったわかりすぎる #utmc1
1430474485000,大群をCGで作る描写はすごい好き　LoRとか #utmc1
1430474483000,立ち見大変そう#utmc1
1430474475000,最初はプレイ画面だったのが最後らへんはムービーばっかになってるなあ #utmc1
1430474472000,そうだ部室行こう #utmc1
1430474471000,キャラメイクの音楽？ #utmc1
1430474471000,RT @sdkzA: 東京大学工学部金曜6限の授業内容です。ご確認ください。 #utmc1 http://t.co/vNiDUjqOCF
1430474470000,FF14はFF11のMMOの客をそのまま取り入れたいということでできたもの． #utmc1
1430474464000,ffやりたすぎるぞ #utmc1
1430474463000,13-2に言及したなら10-2にも言及しろよ！！！！！！！ #utmc1
1430474463000,FF14 #utmc1
1430474462000,ﾌｫｰ…ﾃｨｰﾝ #utmc1
1430474460000,ツイート数がやば #utmc1
1430474460000,FF14だ #utmc1
1430474451000,ふぅ #utmc1
1430474444000,XIIIはゲームというより映画って聞いた #utmc1
1430474444000,RT @zinbeidango: ジェクトのボス曲アレンジだああああ #utmc1
1430474443000,誰か弾いてたよな #utmc1
1430474439000,DVD・ブルーレイ普及の立役者であるところのプレイステーション偉大 #utmc1
1430474438000,グラフィックすごすぎるよな… #utmc1
1430474436000,ffはもういいからクロノトリガーの続編出してくれ #utmc1
1430474433000,音楽がいい #utmc1
1430474421000,FF12はハリウッドのような壮大なスケールを意識した． FF13からPS3に．この時代はブルーレイの時代ですね！#utmc1
1430474420000,Blu-rayの容量フルに使ったゲームソフト、か… #utmc1
1430474418000,泣きそう #utmc1
1430474416000,この映像だとわかりにくいっぽいけど12から13がグラフィック進化おかしすぎるんだよな #utmc1
1430474416000,PS2でもグラすごってなったけどPS3で更にレベル上がってて凄いとしか言いようがない #utmc1
1430474414000,さすがに鳥肌立つ #utmc1
1430474413000,Blue-rayができたのも青色LEDのおかげだからね #utmc1
1430474412000,ライトニングさんや… #utmc1
1430474412000,FF13、steamで1800円で帰るのでおすすめ #utmc1
1430474412000,閃光だ！！！ #utmc1
1430474411000,映像を見る環境としての213 #utmc1
1430474411000,ライトニングさんじゃん(オタクなのでライトニングさんが好き) #utmc1
1430474409000,12の飛空挺のフォルムが綺麗で本当に好き #utmc1
1430474408000,ロード時間やばそう#utmc1
1430474407000,ライトニングさん・・・　#utmc1
1430474403000,閃光きたああああああ　#utmc1
1430474402000,音楽はほんとに神なんだよな13 #utmc1
1430474401000,トムヤムクン辛い #utmc1
1430474400000,RT @sdkzA: 東京大学工学部金曜6限の授業内容です。ご確認ください。 #utmc1 http://t.co/vNiDUjqOCF
1430474395000,高画質すぎ #utmc1
1430474392000,聴いたことあるぞ #utmc1
1430474390000,GW、FF13やるのありだわこれ・・・ #utmc1
1430474388000,残念なライトニングさん　#utmc1
1430474385000,ゴールデンウイークは13やる予定 #utmc1
1430474384000,この時代はもうBlu-rayに #utmc1
1430474384000,んんんんんんんんんんんんんんんんんんんんんんんんんんんんんんんんんんんんんんんんんんんん #utmc1
1430474383000,Blueray か… #utmc1
1430474378000,うっひょおおおおおおおおああああああ閃光だぁああああああああああ！！ #utmc1
1430474377000,あ〜〜〜〜〜〜〜〜〜浜渦さんの曲最高何じゃ〜〜〜〜〜〜〜〜〜〜〜 #utmc1
1430474377000,秋葉原で1円で売られたと噂の13 #utmc1
1430474375000,１３？知らない子ですね #utmc1
1430474375000,在庫ニングさん #utmc1
1430474375000,FF13（2009年） PS3で発売 #utmc1
1430474373000,PS3  #utmc1
1430474371000,PS3だ #utmc1
1430474370000,途中からゲーム画面ではなく映像ばかりになっているのがまたw #utmc1
1430474370000,13買おうかなぁ #utmc1
1430474369000,うおおおおおおおおおおおおおおおおおおおおおおおおおおおおおおおおおおおおおおおおおおおお #utmc1
1430474369000,FF13だ #utmc1
1430474363000,またなりたくなってきた #utmc1
1430474361000,13あああああああああああああああああああああああああああああああああああああああああああああああああああああああああああああ #utmc1
1430474358000,中二心 #utmc1
1430474358000,10もいいけど、乗り物大好きだから12が一番好き #utmc1
1430474356000,すごい動画だ #utmc1
1430474354000,壮大なるストーリー性(なお討伐ゲー) #utmc1
1430474351000,据え置きプレステ一台も持ってない身としてはすごくつらい #utmc1
1430474348000,ずっと興奮してる #utmc1
1430474345000,音楽神 #utmc1
1430474345000,これは凄いな #utmc1
1430474344000,１２の音楽最高 #utmc1
1430474341000,いわゆるハリウッドを意識したストーリー性を重視。大きな舞台セットも用意した。 #utmc1
1430474339000,Hollywoodを意識した作品 #utmc1
1430474337000,映像美しすぎて見入るしかない #utmc1
1430474335000,PS2最後の作品FF12 #utmc1
1430474334000,プレ２であのビジュアル出せるのか……#utmc1
1430474331000,めっちゃやりましたわ　#utmc1
1430474329000,RT @sdkzA: 東京大学工学部金曜6限の授業内容です。ご確認ください。 #utmc1 http://t.co/vNiDUjqOCF
1430474329000,あああああああああああああああああああああああああああああああああああああああああ #utmc1
1430474322000,テンション上がり続けるな #utmc1
1430474320000,12だあああああああああああああああああああああああああああ　#utmc1
1430474319000,FFめっちゃやってみたいけどプレステなんだよなあ・・・　#utmc1
1430474319000,FF12のボス戦！生のオケは違うね！！ #utmc1
1430474319000,ｵｲﾖｲﾖ #utmc1
1430474319000,PS2最終作、FF12（2006年） #utmc1
1430474318000,ヴァン！バルフレア！バッシュ！ #utmc1
1430474316000,ユリパレディは？ねぇねぇねぇ #utmc1
1430474316000,FF11、MMO #utmc1
1430474315000,RT @amagiri817: FF10から，グラフィックを大幅に強化した．ここからグラフィックの方向性はだいぶ定まったように思う． FF11からMMOを取り入れた挑戦．#utmc1
1430474309000,低歩数 #utmc1
1430474306000,12にはおせわになりました #utmc1
1430474303000,FF10から，グラフィックを大幅に強化した．ここからグラフィックの方向性はだいぶ定まったように思う． FF11からMMOを取り入れた挑戦．#utmc1
1430474303000,MMORPG #utmc1
1430474300000,これは挿入ムービーなのか実際のプレイ画面なのか？ #utmc1
1430474297000,キャラがかわよくなって終始勃起してる #utmc1 http://t.co/u3qJM7DFzR
1430474296000,グラフィックの進化おかしいだろ #utmc1
1430474287000,廃人がたくさんいるというイメージしかない　#utmc1
1430474285000,ナンバリングタイトルでMMOって凄いよな #utmc1
1430474275000,RT @sdkzA: 東京大学工学部金曜6限の授業内容です。ご確認ください。 #utmc1 http://t.co/vNiDUjqOCF
1430474274000,FF11やったことなし #utmc1
1430474274000,MMOの時代 #utmc1
1430474271000,60万人もFF11やってたの・・・ #utmc1
1430474268000,その時代時代でビジュアルの最先端いってたんだなー #utmc1
1430474266000,超グラフィックがリアルだ #utmc1
1430474265000,心拍数が #utmc1
1430474265000,この曲って１１なんだ　#utmc1
1430474255000,日本一廃人を生み出したネトゲ #utmc1
1430474255000,FF11（2002年）、PS2およびPC、後にXbox 360で発売 #utmc1
1430474254000,なんか授業出てない人が実況してるww #utmc1
1430474253000,FFは父親が無限にやってた　#utmc1
1430474251000,FF11だ #utmc1
1430474250000,RT @zinbeidango: ジェクトのボス曲アレンジだああああ #utmc1
1430474246000,11だ〜！ #utmc1
1430474245000,ファイナルファンタジーのグラフィックの方向性がかなり決まっていった時代 #utmc1
1430474245000,10-2は？？？　#utmc1
1430474243000,１１ですね #utmc1
1430474240000,FFっぽい顔だw #utmc1
1430474235000,10はね、泣いたよね。 #utmc1
1430474231000,10からビジュアルの方向性が定まった　#utmc1
1430474230000,この作品で、今後のFFのビジュアルが固まった #utmc1
1430474230000,ジェクトのボス曲アレンジだああああ #utmc1
1430474228000,グラフィックすごいよなぁ　#utmc1
1430474228000,FF13早く！！！ #utmc1
1430474221000,FF9→FF10でグラフィックが断然変わった #utmc1
1430474221000,キマリは通さない #utmc1
1430474221000,FF10（2001年） #utmc1
1430474220000,すごいなあ！まるで映画みたいだ！！（すっとぼけ#utmc1
1430474218000,グラフィックが半端なさすぎて見入るしかない #utmc1
1430474218000,私　シンを倒します #utmc1
1430474217000,10ラスボス曲やん！！(トラウマ #utmc1
1430474216000,ファイナルファンタジーシリーズってなんかイケメン多すぎない？ #utmc1
1430474211000,すっげぇ #utmc1
1430474211000,PS2でグラフィック強化 #utmc1
1430474211000,グラフィックがリアルになってきた #utmc1
1430474210000,FF8はFF7のキャラデザの不自然さなど，反省点を生かした．FF9はFF7FF8とは違い，ファンタジー色に原点回帰．#utmc1
1430474206000,ffx! #utmc1
1430474205000,プレイステーション2へ #utmc1
1430474203000,リアルタイムでFFの歴史の講義やってるの羨ましい…TL見て雰囲気だけでも感じよう #utmc1
1430474202000,グラフィックの変化すごいな #utmc1
1430474202000,キマリ #utmc1
1430474200000,PS2へ #utmc1
1430474199000,時代の高性能化はこわいなぁ… #utmc1
1430474193000,エモい... #utmc1
1430474190000,Blitz Off! #utmc1
1430474189000,10!!!!!!!!! #utmc1
1430474184000,同人で見た #utmc1
1430474183000,CGがすごくなってきた #utmc1
1430474179000,ダガーちゃん #utmc1
1430474176000,ガーネットぐうかわ #utmc1
1430474176000,9メッッチャ面白そうやりてえ #utmc1
1430474171000,13に向けて心拍数上がってきた #utmc1
1430474170000,アメリカ人のスタッフがかなり関わった作品 #utmc1
1430474169000,魅入ってる #utmc1
1430474166000,すまねぇ、RPGはさっぱりなんだ #utmc1
1430474165000,スクウェアホノルルスタジオｗ #utmc1
1430474159000,RT @sdkzA: 東京大学工学部金曜6限の授業内容です。ご確認ください。 #utmc1 http://t.co/vNiDUjqOCF
1430474156000,散々エロCGで見た人だ！！#utmc1
1430474156000,プレイステーション最後の作品、FF9 #utmc1
1430474155000,#utmc1 http://t.co/7iS3tD5tLv
1430474154000,8が叩かれたせいで原点回帰した9 #utmc1
1430474153000,リアル路線への移行 #utmc1
1430474151000,ああ… #utmc1
1430474151000,IX(A) #utmc1
1430474150000,FF9 #utmc1
1430474145000,Ⅸほんとにスキ #utmc1
1430474143000,パ長だ #utmc1
1430474141000,FF9の通常戦闘！！ #utmc1
1430474138000,死ぬほどかっこいいからやりたいんだよな #utmc1
1430474133000,FF8が一番好きかな #utmc1
1430474132000,PVがリア充 #utmc1
1430474130000,FF8のボス戦！ #utmc1
1430474124000,RT @amagiri817: まずは，FFの歴史を簡単に振り返ってみよう．FFは1987年にファミコンでデビュー．FF1～FF3がファミコン．グラフィックが完全に強化．FF4からSFC．FF5から同期が入ってきました．FF7からPSに変化．ここから3Dに． #utmc1
1430474124000,音楽があああ #utmc1
1430474122000,絵がめちゃ綺麗だ  FF8 #utmc1
1430474122000,CGの進化ってすごいよね #utmc1
1430474121000,かっこいい　#utmc1
1430474120000,音楽ずっと流しててくれ #utmc1
1430474119000,ドット絵からあっという間にリアリティのあるグラフィックになったなぁ #utmc1
1430474119000,テンション上がらざるを得ない #utmc1
1430474117000,8でかなりきれいにやったよな…　#utmc1
1430474115000,まずは，FFの歴史を簡単に振り返ってみよう．FFは1987年にファミコンでデビュー．FF1～FF3がファミコン．グラフィックが完全に強化．FF4からSFC．FF5から同期が入ってきました．FF7からPSに変化．ここから3Dに． #utmc1
1430474113000,ユウナかよ #utmc1
1430474111000,PCが固まったせいで遅れました #utmc1
1430474108000,ああああああああああ…………… #utmc1
1430474101000,このあたりからFFがゲームというより映画になってきてる気がする… #utmc1
1430474094000,やったことないんだよなーやりたいんだよなあ #utmc1
1430474091000,音楽で鳥肌たってる #utmc1
1430474089000,8！！！ #utmc1
1430474089000,CGムービーに対応した作品 #utmc1
1430474088000,進化がすごい　#utmc1
1430474088000,FFが日本のゲーム界を引っ張ってたんだなぁってのを痛感させられる映像だ #utmc1
1430474085000,FF8 #utmc1
1430474082000,7からグラフィックやべえ #utmc1
1430474080000,セフィロス #utmc1
1430474074000,FF7(神ゲー) #utmc1
1430474068000,音響最高だな #utmc1
1430474064000,FF7は偉大だな #utmc1
1430474061000,いまだに世界的に人気のある作品 #utmc1
1430474060000,興奮を隠し切れない㋔㋟㋗！が散見されている #utmc1
1430474059000,講師のデビュー作、FF7 #utmc1
1430474059000,別物じゃん #utmc1
1430474058000,3Dポリゴンすごいなぁ #utmc1
1430474057000,1997. FF7 #utmc1
1430474055000,FF7リメイクまだですか？？？？ #utmc1
1430474054000,スーファミからプレステの解像度変化半端ない #utmc1
1430474054000,グラフィックが格段に進化したな #utmc1
1430474054000,当時はポリゴン叩かれたとか #utmc1
1430474053000,進化しすぎ #utmc1
1430474053000,7はやってたからめっちゃ懐かしい #utmc1
1430474049000,プレステクオリティや #utmc1
1430474048000,黄金期ですね #utmc1
1430474048000,曲のつなぎ強いなぁ #utmc1
1430474047000,この曲（のアレンジ）ダンおにでやった（小並） #utmc1
1430474046000,7だああああああああああああああああああああああああああああああああああああああああああああああああああああああああああ #utmc1
1430474045000,FF7（1997年）プレイステーションでデビュー #utmc1
1430474042000,おおおおおおおおおおおおおおおお #utmc1
1430474042000,FF7の通常戦闘！ #utmc1
1430474040000,グラフィックよりも私はストーリーとかを… #utmc1
1430474040000,7!!!! #utmc1
1430474038000,FF7だ！ #utmc1
1430474037000,ff3の飛空挺のエピソードすこ #utmc1
1430474036000,カセット一万は子供じゃ手が出ないな #utmc1
1430474036000,どんどん値段が上がって(この頃は)カセット1本1万円を超える時代です #utmc1
1430474032000,音楽かっこいいという言葉につきる  #utmc1
1430474030000,もう泣きそう #utmc1
1430474029000,グラフィックがめっちゃ進化してる #utmc1
1430474027000,確かに奥行がある #utmc1
1430474026000,決戦じゃん　#utmc1
1430474017000,ああああああああああああああああああああああああああああああああああああ #utmc1
1430474017000,ただし、どんどん値段が上がってきて、カセットが1万円を超える時代に #utmc1
1430474011000,音楽半端ない #utmc1
1430474010000,ほんとに歴史あるんだなあって思う　#utmc1
1430474010000,Win95感ある #utmc1
1430474008000,このボス曲すこ #utmc1
1430474006000,グラフィックがすげえ #utmc1
1430474006000,奥行きを出すために様々な技術が使われました #utmc1
1430474000000,決戦 #utmc1
1430473999000,グラフィックがリッチになってきた #utmc1
1430473998000,FF6のボス戦！！ #utmc1
1430473997000,音楽いいなぁ #utmc1
1430473997000,ファミコンとかハッキングしたい #utmc1
1430473991000,FF6のグラフィックすごいよなぁ #utmc1
1430473989000,北米版ではFF2として発売された #utmc1
1430473987000,FF6 #utmc1
1430473985000,今日 #utmc1 なのすっかり忘れてた
1430473982000,スーパーファミコン最後、1994年、FF6 #utmc1
1430473982000,ミニレポート用紙100点つけた #utmc1
1430473979000,メガネ忘れたの本当に悔やまれる #utmc1
1430473978000,RT @sy_friction: この動画mp4で欲しい　#utmc1
1430473977000,ノムティスこの時点で関わってるんだ #utmc1
1430473975000,果たしてX-2はカウントされるのか！？ #utmc1
1430473973000,FFの至高っていくつなの　#utmc1
1430473970000,とても懐かしい感じのグラフィックが続いてる #utmc1
1430473970000,レベル5デス…　#utmc1
1430473966000,レベル5デスやめろ #utmc1
1430473963000,レベル5デス is God #utmc1
1430473960000,クリエイターの名前をしっかり出してくれてありがたいけど，すいません全くわかりません #utmc1
1430473958000,ゲームの歴史から得るところあるのだろうか #utmc1
1430473955000,宇宙の 法則が 乱れる！ #utmc1
1430473951000,ギルガメッシューーーーーーーーーーーーーーーーーーーーーーーーーーーーーーーーーーーーーーーーーーーーーーーーーーーーーーーーーーーーーーーーーーーーーーーーー！！！！！ #utmc1
1430473950000,まだ生まれてないぞ…… #utmc1
1430473948000,うちゅうの　ほうそくが　みだれる！ #utmc1
1430473947000,野村哲也初参加作品 #utmc1
1430473944000,この曲はＦＦというよりマリオRPGのクリスタラーの印象#utmc1
1430473943000,ここから野村さんなのか #utmc1
1430473941000,RT @meruton0227: FFの歴史  #utmc1
1430473940000,TLなんぞ見てる場合じゃねぇ #utmc1
1430473939000,このPV配布してくれないのかな #utmc1
1430473938000,FF5！！！！！！！！！！！！！！！！ #utmc1
1430473938000,RT @sdkzA: 東京大学工学部金曜6限の授業内容です。ご確認ください。 #utmc1 http://t.co/vNiDUjqOCF
1430473937000,この動画mp4で欲しい　#utmc1
1430473933000,FF やったことない… #utmc1
1430473931000,FFのラスボス突然湧いてきたやつばかりだなあと #utmc1
1430473929000,オーケストラ版の曲のよさ　#utmc1
1430473925000,FF5（1992年） #utmc1
1430473925000,メガフレア!!#utmc1
1430473924000,色々とネタバレギリギリのところまで出してくるなぁ #utmc1
1430473923000,講義室のプロジェクタでFFのダイジェスト映像観るのめっちゃ楽しいな #utmc1
1430473922000,5！ #utmc1
1430473919000,この部屋でお皿キュッキュしたさある #utmc1
1430473918000,まぁぼくFFやったことないんですがね #utmc1
1430473918000,音楽よすぎでしょ #utmc1
1430473914000,めっちゃ楽しそう潜ればよかった…… #utmc1
1430473910000,絶対この部屋映画見るのに使うべき #utmc1
1430473909000,音楽が　つ　よ　い#utmc1
1430473903000,グラフィック進化してるって言われても素人目にはあんまりわからないな #utmc1
1430473903000,FF知らない人間なんですが素朴な疑問として、「なんでファイナルファンタジーなのにいつまでも終わらないんですか？」っていうのがあるんだけどどうなんでしょう???#utmc1
1430473902000,FF13をくれ！！！！ #utmc1
1430473899000,胸が熱くなってきた #utmc1
1430473894000,たしかうなぎを食べながらクリアした #utmc1
1430473892000,very cool #utmc1
1430473891000,赤魔道士はクソ #utmc1
1430473891000,いいですとも！ #utmc1
1430473889000,FF13を流して！！！！ #utmc1
1430473888000,音楽すげえなあ #utmc1
1430473887000,FF4はやった #utmc1
1430473886000,213教室でこんな音楽が流れるとは #utmc1
1430473886000,BGMが最高　#utmc1
1430473884000,オケ鳥肌 #utmc1
1430473883000,このぐらいの音出してくれるの最高だなぁ #utmc1
1430473882000,sugeee #utmc1
1430473881000,音楽めっちゃかっこ良い #utmc1
1430473875000,音楽強すぎる #utmc1
1430473872000,自分がやったこともないゲームを見て「あ〜〜〜〜懐かしい〜〜〜〜(笑)」と発言した奴を◯していく仕事を進めていくか... #utmc1
1430473872000,ファミコンに別れを告げて、FF4、スーパーファミコン #utmc1
1430473872000,ただFFの歴史の映像をyoutubeで見るんやなくて大学の講義室でスクエニの人のコメント付きで見るの素晴らしい #utmc1
1430473868000,音楽神だ… #utmc1
1430473868000,音楽やばいちょうかっこいい #utmc1
1430473865000,16ビットマシン #utmc1
1430473865000,ファミコンに別れをつげて16bitマシンへ #utmc1
1430473864000,スーファミ✌('ω') #utmc1
1430473863000,FF4 #utmc1
1430473863000,FF4ｷﾀｰ #utmc1
1430473862000,16 bit machine のFF #utmc1
1430473861000,4からはやってる #utmc1
1430473857000,４だ！！！！！！！！！！！！！！！！！！ #utmc1
1430473857000,最高の講義かよ #utmc1
1430473856000,人のFF欲をあおるな。 #utmc1
1430473855000,ホーリーはアカンやろw #utmc1
1430473855000,213の音響がそれなりにいいわかる #utmc1
1430473855000,FFやったことないけど音楽かっこいいから好き #utmc1
1430473854000,サントラを買おう！ #utmc1
1430473850000,soundtrack よい #utmc1
1430473847000,曲もいいし213教室の音響もいい #utmc1
1430473843000,めっちゃFFやりたくなってきた・・・　#utmc1
1430473842000,画面の端で走ってるのどなた #utmc1
1430473841000,戦闘モードって感じになる #utmc1
1430473839000,ファミコン時代の最もグラフィックがいい作品 #utmc1
1430473836000,しょうかんとかこのへんからか #utmc1
1430473831000,曲かっけえな #utmc1
1430473829000,まさにFFの「歴史」って感じだ #utmc1
1430473819000,（実は３しらない…） #utmc1
1430473816000,スクエニのインターン、確か人工知能関係だった気がするしチャレンジしてみるといいのでは(超適当) #utmc1
1430473815000,FF3 ファミコン最後の作品 #utmc1
1430473810000,RPGツクール感がある（逆） #utmc1
1430473810000,1990年　第３作　ファミコン最後の作品 #utmc1
1430473808000,ドット絵版のFF3だ！ #utmc1
1430473807000,戦闘曲いいよね　#utmc1
1430473801000,オーケストラいいな #utmc1
1430473797000,ウボァー #utmc1
1430473797000,マリアはかわいい #utmc1
1430473792000,だから変なシステムだったのか…　#utmc1
1430473789000,音楽いいな〜 #utmc1
1430473782000,ドット絵はね、いいよ #utmc1
1430473780000,畑圭輔呼んだら聴講を考えた #utmc1
1430473777000,サガシリーズ！！！？！？！？！？？！？！？ #utmc1
1430473777000,マゾゲーと名高い２だ #utmc1
1430473776000,ものまねしを倒すのにコントローラーを置くことを閃いた思い出  #utmc1
1430473776000,TGSに来たような感覚 #utmc1
1430473770000,流石に1987年は知りません #utmc1
1430473770000,ドット絵っていうとポケモン思い出す派です #utmc1
1430473762000,第２作目 1988年 #utmc1
1430473758000,FFやりたいなあ #utmc1
1430473751000,FF1(psp版) #utmc1
1430473751000,https://t.co/Bn4hMes9RW #utmc1
1430473748000,し　がおとずれた #utmc1
1430473745000,ビッグブリッジききたい　#utmc1
1430473744000,めっちゃFFなんですけど！ #utmc1
1430473741000,D3でも生まれてなさそう #utmc1
1430473740000,ドット絵と呼ばれているもの #utmc1
1430473738000,ファミコン時代のドット絵 #utmc1
1430473738000,ディアとかいうなつかし呪文 #utmc1
1430473736000,ゲームはやらないんだ・・・ #utmc1
1430473736000,横で流れてるのはディシディアの映像か？ #utmc1
1430473734000,あ^~~~~~ #utmc1
1430473730000,F F T  #utmc1
1430473728000,ファミコン #utmc1
1430473725000,8ビットマシン #utmc1
1430473715000,FFTの話になったら呼んでください #utmc1
1430473712000,FF1しかやったことなし #utmc1
1430473710000,このハコ、音良いっすね＾〜〜〜〜 #utmc1
1430473707000,テンション上がってきた #utmc1
1430473707000,RT @la_float: この音楽はわずか数十分で作られたらしい #utmc1
1430473707000,FF2かな #utmc1
1430473703000,動画とかは結構見たことあるけど本編はやったことないですね…　#utmc1
1430473701000,FFの歴史　#utmc1
1430473700000,Windows Media Player #utmc1
1430473696000,復刻版からやったんだっけ　覚えてないや #utmc1
1430473694000,しめじヒラメでめきんだったか　すみません #utmc1
1430473694000,FFしたことないんだよな　#utmc1
1430473694000,8bitマシン #utmc1
1430473693000,8bitマシン #utmc1
1430473692000,この音楽はわずか数十分で作られたらしい #utmc1
1430473691000,あ＾～いいっすね＾～ #utmc1
1430473690000,電気を消そう！！#utmc1
1430473690000,教室の電気を消せ💢 #utmc1
1430473689000,RT @sdkzA: 東京大学工学部金曜6限の授業内容です。ご確認ください。 #utmc1 http://t.co/vNiDUjqOCF
1430473689000,FFのダイジェスト映像 #utmc1
1430473688000,最初はニンテンドーのファミコンさん #utmc1
1430473688000,百合豚なのにFF13をやってないのアイデンティティの危機なんだよな #utmc1
1430473686000,本社サーバーから一番解像度のいいやつ持ってきてるらしい  #utmc1
1430473685000,下のバー消そう #utmc1
1430473684000,#utmc1
1430473683000,FFやったことないんですよねえ... #utmc1
1430473681000,もうこの音楽聞いただけでやばい #utmc1
1430473680000,さすがに最初のFFはやったことありませんね #utmc1
1430473678000,PCがVAIO #utmc1
1430473677000,FFの音楽は知ってる #utmc1
1430473677000,なっつ #utmc1
1430473673000,ひょっとして生まれてない #utmc1
1430473672000,今日はFFの歴史です#utmc1
1430473668000,FFの歴史ダイジェスト映像 #utmc1
1430473667000,♪〜 #utmc1
1430473666000,「東大さんで講演できて光栄です」#utmc1
1430473665000,FFって最近新しいの出てるの？ #utmc1
1430473664000,一番いいの（解像度）を頼む #utmc1
1430473661000,FF #utmc1
1430473660000,弊社のサーバーにある最も解像度の高いやつ持ってきています #utmc1
1430473659000,えんさんしめじひらめえのきえんさんしめじひらめえのき　セ　フ　ィ　ロ　ス　！ #utmc1
1430473657000,RT @sdkzA: 講義開始前のスライドはこんな感じ #utmc1 http://t.co/5PxnpjEjTy
1430473655000,まずはFFのダイジェスト映像を #utmc1
1430473654000,FF、37〜10と13のみプレイです #utmc1
1430473654000,FF25周年記念映像 #utmc1
1430473653000,FFやったことなかった #utmc1
1430473651000,塩酸ヒラメしめじデメキン #utmc1
1430473649000,その頃からのダイジェスト影像を流します #utmc1
1430473642000,RT @sdkzA: 東京大学工学部金曜6限の授業内容です。ご確認ください。 #utmc1 http://t.co/vNiDUjqOCF
1430473642000,世代的に若い？ #utmc1
1430473636000,utmcで以前スクエニの方来たことあったけど、その時は超ざっくばらんに言うと「新しいFF最高！！！実世界指向神！！！！！！CGこそ全て！！！！！」みたいな感じの講義だった #utmc1
1430473636000,1987年　FF誕生 #utmc1
1430473634000,拍手 #utmc1
1430473630000,FF13RTAは8時間40分です（遅い） #utmc1
1430473629000,888888888 #utmc1
1430473626000,FFの歴史→FFのポイント→disscussion #utmc1
1430473623000,御社 #utmc1
1430473621000,セフィロス #utmc1
1430473617000,FFの歴史 #utmc1
1430473617000,電気が消えてもパソコンのディスプレイで教室が明るいwww #utmc1
1430473616000,FFの歴史を駆け足でやっていきます！ #utmc1
1430473615000,FFのお話 #utmc1
1430473610000,父親の書斎漁ると無数のFFのソフトがあってだなぁ…… #utmc1
1430473608000,めっちゃ楽しみ #utmc1
1430473606000,ffの歴史 #utmc1
1430473606000,今日はスクエニ #utmc1
1430473599000,FFの話とか流石にガチで聞き込む #utmc1
1430473597000,塩酸シメジヒラメ出目金 #utmc1
1430473585000,FFよりDQ派です（小声 #utmc1
1430473585000,暗い #utmc1
1430473585000,暗い #utmc1
1430473584000,初めてのスクエニ #utmc1
1430473583000,RT @sdkzA: 東京大学工学部金曜6限の授業内容です。ご確認ください。 #utmc1 http://t.co/vNiDUjqOCF
1430473582000,演歌歌いそう #utmc1
1430473576000,FFやったことないし実況見たこともないからマジで内容を知らない状態　#utmc1
1430473573000,はじまる #utmc1
1430473565000,FF3のラストダンジョンで闇に飲まれてから授業に来い #utmc1
1430473557000,ファイナルファンタジーの歴史 #utmc1
1430473551000,このOP神・・・ #utmc1
1430473543000,RT @zinbeidango: 就学前FF8で自我を形成した身としてはな #utmc1
1430473532000,FF13のロングイを倒してから授業に来い #utmc1
1430473531000,そういえばX-2とXIII-2まだやってねえ #utmc1
1430473522000,タグセット #utmc1
1430473517000,RT @sdkzA: 東京大学工学部金曜6限の授業内容です。ご確認ください。 #utmc1 http://t.co/vNiDUjqOCF
1430473512000,わたし　シンを倒します必ず倒します #utmc1
1430473511000,後ろ向いたら人の顔が無数にあってちょっと怖かったです #utmc1
1430473504000,ファイナル・ファンタジーするな艦これやれ #utmc1
1430473486000,RT @sdkzA: 東京大学工学部金曜6限の授業内容です。ご確認ください。 #utmc1 http://t.co/vNiDUjqOCF
1430473485000,FFの歴史  #utmc1
1430473481000,ドラクエの代わりにか　ん　こ　れ#utmc1
1430473467000,RT @sdkzA: 東京大学工学部金曜6限の授業内容です。ご確認ください。 #utmc1 http://t.co/vNiDUjqOCF
1430473466000,フォルティッシモ #utmc1
1430473456000,FFは実況プレイでしか見たことないです　#utmc1
1430473452000,2年の夏をFF12に溶かした身としてはな #utmc1
1430473446000,RT @sy_friction: 今日もはじまるよー（再投稿）　#utmc1 http://t.co/HxZJbymwaK
1430473442000,RT @sy_friction: 今日もはじまるよー（再投稿）　#utmc1 http://t.co/HxZJbymwaK
1430473438000,今日もはじまるよー（再投稿）　#utmc1 http://t.co/HxZJbymwaK
1430473416000,今日は　#utmc1 に来てる
1430473403000,1年ぶりにきました #utmc1
1430473390000,@Ashy_cat94  #utmc1 で実況されてますよwww
1430473381000,ゲー研のRTAヤクザたちこわすぎ #utmc1
1430473378000,FF7しか家にない #utmc1
1430473374000,FFやったことありません #utmc1
1430473361000,57歳 #utmc1
1430473359000,ちなみにドラクエは124589しかやったことないです　#utmc1
1430473344000,え？FFやったことないヒトがいるんですか？？ #utmc1
1430473341000,ファイナルフォームライドしよう #utmc1
1430473332000,FFやったことないですね #utmc1
1430473314000,FF知らないです #utmc1
1430473306000,FFやったことないおじさん #utmc1
1430473306000,就学前FF8で自我を形成した身としてはな #utmc1
1430473296000,FFの歴史、話してくれない裏の†闇†の黒歴史みたいなのありそう #utmc1
1430473269000,FFは71213しかやったことない #utmc1
1430473251000,でも私FFやったことないんだよなあ #utmc1
1430473243000,はじまる #utmc1
1430473241000,カラム立てました　#utmc1
1430473229000,最前列＃utmc1
1430473203000,ファイナルファンタジーの歴史聞きにきました #utmc1
1430473189000,#utmc1 今日こそオタクは静かにしておけッッ
1430473184000,今日の #utmc1  はファイナルファンタジーの歴史、です
1430473181000,おるでW #utmc1
1430473175000,ffのお話だ　#utmc1
1430473156000,オタクではないのでFFナンバリングは13479101213しかやったことないです　#utmc1
1430473061000,よくぞ おうじょを たすけだしてくれた。 さあ この きたに はしを かけよう。 わしにできるのはこれくらいのことしかない。 たいりくに わたり クリスタルの かがやきを とりもどすのだ！！ #utmc1
1430473053000,今日は #utmc1 が楽しそうですねぇ(飲みながらネタにさせて貰おうかな……)
1430473021000,えとく〜〜〜〜んこっち向いて〜〜〜〜〜！！！！！！！ #utmc1
1430473015000,デジカメでもうちょいがんばってみた #utmc1 http://t.co/1qsOGxi0JP
1430473006000,ぽきた #utmc1
1430473002000,FFは10やろ！(ニワカ並感) #utmc1
1430473001000,suiginさんだ💖💖💖💖💖💖💖💖 #utmc1
1430473000000,先週の神を回収してくれ #utmc1
1430472993000,RT @sdkzA: 東京大学工学部金曜6限の授業内容です。ご確認ください。 #utmc1 http://t.co/vNiDUjqOCF
1430472945000,RT @sdkzA: 講義開始前のスライドはこんな感じ #utmc1 http://t.co/5PxnpjEjTy
1430472941000,眠い #utmc1
1430472923000,FFあまり詳しくないから下手なこと言ったら殺されそうな気がする #utmc1
1430472903000,FF初代のキャプチャ画像を見て懐古に浸るオタク #utmc1
1430472899000,RT @sdkzA: 講義開始前のスライドはこんな感じ #utmc1 http://t.co/5PxnpjEjTy
1430472873000,スクエニ #utmc1
1430472860000,FF1の画面が前に映されている #utmc1
1430472840000,オラオラかわよい東工女〜W俺の隣に座れや〜W #utmc1
1430472829000,RT @sdkzA: 東京大学工学部金曜6限の授業内容です。ご確認ください。 #utmc1 http://t.co/vNiDUjqOCF
1430472801000,#utmc1 に潜入した
1430472789000,㋔㋟㋗！はすぐ興奮する #utmc1
1430472770000,既に興奮を隠せないオタクが湧いているな？ #utmc1
1430472741000,RT @sdkzA: 東京大学工学部金曜6限の授業内容です。ご確認ください。 #utmc1 http://t.co/vNiDUjqOCF
1430472698000,講義開始前のスライドはこんな感じ #utmc1 http://t.co/5PxnpjEjTy
1430472689000,机の上にオタクショップの袋を堂々と置いてイキッてる㋔㋟㋗！がいるな... #utmc1
1430472686000,FF1から3、機会を見つけていつかやりたいものだ #utmc1
1430472648000,RT @kaz_pastore: #utmc1 http://t.co/OTlMzy244J
1430472616000,RT @sdkzA: 東京大学工学部金曜6限の授業内容です。ご確認ください。 #utmc1 http://t.co/vNiDUjqOCF
1430472600000,#utmc1
1430472593000,RT @sdkzA: 東京大学工学部金曜6限の授業内容です。ご確認ください。 #utmc1 http://t.co/vNiDUjqOCF
1430472592000,RT @sdkzA: 東京大学工学部金曜6限の授業内容です。ご確認ください。 #utmc1 http://t.co/vNiDUjqOCF
1430472585000,今日は、スクウェア・エニックス「ファイナル・ファンタジーの歴史」 #utmc1
1430472585000,前のスクリーンよくぞ おうじょをたすけだしてくれた さあ このきたに はしをかけようとかめっちゃゲーム画面写ってる #utmc1
1430472563000,第3回 5/1株式会社スクウェア・エニックスコーポレートエグゼクティブ橋本 真司「ファイナルファンタジーの歴史」#utmc1
1430472558000,#utmc1 http://t.co/OTlMzy244J
1430472554000,なんか始まった…!?#utmc1
1430472549000,RT @sdkzA: 東京大学工学部金曜6限の授業内容です。ご確認ください。 #utmc1 http://t.co/vNiDUjqOCF
1430472528000,FFの歴史 #utmc1
1430472503000,#utmc1
1430472503000,ファミコン時代のFFだ #utmc1
1430472499000,今週のれっぽよ提出boxどこ？ #utmc1
1430472484000,RT @sdkzA: 東京大学工学部金曜6限の授業内容です。ご確認ください。 #utmc1 http://t.co/vNiDUjqOCF
1430472477000,RT @sdkzA: 東京大学工学部金曜6限の授業内容です。ご確認ください。 #utmc1 http://t.co/vNiDUjqOCF
1430472437000,RT @sdkzA: 東京大学工学部金曜6限の授業内容です。ご確認ください。 #utmc1 http://t.co/vNiDUjqOCF
1430472349000,東京大学工学部金曜6限の授業内容です。ご確認ください。 #utmc1 http://t.co/vNiDUjqOCF
1430472077000,今日の6限 ファイナルファンタジーの歴史 #utmc1
1430472004000,今日の #utmc1 も楽しそうな内容ですね(履修してない顔)
1430471591000,Steamで買ったFF13、積んだまま進めてないです #utmc1